feature,gain
lag_21,3544414208.0
roll_mean_7,3414508032.0
lag_28,956892160.0
lag_56,678670656.0
roll_mean_14,196280256.0
roll_mean_28,159257024.0
lag_42,142837840.0
lag_35,100198008.0
is_weekend,60395984.0
month,56577984.0
lag_16,51667292.0
is_national_holiday,42679764.0
family_code,41791312.0
day,39119708.0
dow,36138680.0
weekofyear,33623148.0
onpromotion,33298986.0
oil_price_lag16,29784032.0
roll_std_14,27427002.0
transactions_roll28_lag16,22709856.0
roll_std_7,22048866.0
lag_32,21345930.0
type_code,19716132.0
roll_std_28,19634296.0
store_code,17900828.0
transactions_lag16,15826468.0
cluster,14237629.0
state_code,11692323.0
city_code,10514607.0
