bin,lower_edge,upper_edge,q10,q50,q90,n_cal
0,0.0,1.0024940013885504,-0.22034188508987423,0.0,3.9998541831970216,5703
1,1.0024940013885504,3.6008920669555686,-1.9779083728790283,0.7277591228485107,6.856698989868164,2851
2,3.6008920669555686,11.979292869567885,-3.5733823776245117,2.7278518676757812,11.245743751525879,2851
3,11.979292869567885,33.10202217102051,-14.628562927246094,-2.3345556259155273,14.357172012329102,2851
4,33.10202217102051,82.09319458007813,-24.397747039794922,-5.370292663574219,21.320613861083984,2851
5,82.09319458007813,196.13114318847659,-36.942039489746094,0.328216552734375,43.961696228027336,2851
6,196.13114318847659,413.64692382812564,-57.20700756835939,-1.1765494384765702,70.71585083007812,2851
7,413.64692382812564,1226.7821777343765,-132.06036376953125,-9.54412841796875,144.35823046874998,2851
8,1226.7821777343765,14739.34765625,-408.525073046875,8.9583740234375,767.4361572265627,2852
