fold,model,train_seconds,train_rows,MAE,RMSE,WAPE,sMAPE,RMSLE
1,Seasonal Naive,0.0,0,77.25061344040756,294.4678067320803,0.1692641788205279,0.4121586578810007,0.5234994757546912
1,Ridge Regression,2.0660970211029053,2575452,86.62831017842889,296.19917028102253,0.189811693809695,0.7721779959776911,1.2056064070578238
1,Random Forest,618.1630027294159,600000,62.17289940695562,240.35998277900984,0.136227329393672,0.5515081482468817,0.5017540949339355
1,XGBoost,55.01864576339722,2575452,56.56250599529066,219.22407500946463,0.1239343702650285,0.516624333703595,0.6008841363969513
1,LightGBM,41.01934456825256,2575452,58.70339958783493,221.78235232014637,0.1286252921845506,0.5815164794321076,0.693249307127741
2,Seasonal Naive,0.0,0,78.82439561762067,319.9101590453161,0.1625908667477331,0.4132982191791297,0.5176185596076112
2,Ridge Regression,2.090273141860962,2603964,79.49512750327722,246.45523233079933,0.1639743835865208,0.7784595648544225,1.4028133812842525
2,Random Forest,599.9963552951813,600000,58.69123095592337,219.2026124202168,0.1210622426831747,0.5357488324013446,0.4516968327977395
2,XGBoost,81.61482048034668,2603964,55.0133964344957,212.89767668956452,0.1134759834050892,0.5154265822495967,0.5768077441324094
2,LightGBM,44.3266327381134,2603964,58.132314072054506,215.82386328807607,0.1199093663448769,0.5951027568786306,0.6443885155033593
3,Seasonal Naive,0.0,0,67.29417776358376,266.7212764316651,0.1396831469791445,0.3981835605658667,0.5211689523141964
3,Ridge Regression,2.1782782077789307,2632476,77.31130411281819,242.9669896503601,0.1604757887596042,0.7720577308327607,1.2454565291411526
3,Random Forest,619.7780454158783,600000,63.47976512315355,233.33410067220248,0.1317655353937236,0.5484490172645549,0.4702778703275131
3,XGBoost,59.39169645309448,2632476,60.3511631794298,220.27020530795215,0.1252714674123939,0.4959733403365424,0.573841321238622
3,LightGBM,43.70247387886048,2632476,61.90335163278323,222.52631855589317,0.1284933593363996,0.6220350148756129,0.6989048981324963
