family,coverage,mean_width,mean_sales
BOOKS,0.53125,6.263595673942473,0.010416666666666666
BABY CARE,0.5879629629629629,6.495732885453294,0.18518518518518517
HOME APPLIANCES,0.59375,6.69764936811655,0.20023148148148148
BEVERAGES,0.6053240740740741,1138.480287105306,3478.480324074074
CLEANING,0.6087962962962963,655.9478530441849,1232.920138888889
"LIQUOR,WINE,BEER",0.6192129629629629,66.40121988232048,97.32754629629629
GROCERY I,0.6736111111111112,1170.7555437223082,4606.958893518518
LADIESWEAR,0.6944444444444444,18.370068990594433,10.082175925925926
SCHOOL AND OFFICE SUPPLIES,0.7256944444444444,19.923894105978306,59.947916666666664
HOME CARE,0.7337962962962963,152.24219777853224,291.5428240740741
GROCERY II,0.7395833333333334,32.80670458723046,28.971064814814813
BEAUTY,0.7465277777777778,17.78732608640933,6.663194444444445
SEAFOOD,0.7534722222222222,20.75423637946726,19.97791553472222
EGGS,0.7557870370370371,108.82988664384418,199.68634259259258
PERSONAL CARE,0.7696759259259259,150.57028125955088,321.3321759259259
DAIRY,0.7766203703703703,440.64300150372543,834.5300925925926
HOME AND KITCHEN I,0.7777777777777778,35.08631380677223,31.27314814814815
HARDWARE,0.7824074074074074,7.320727508002245,1.4490740740740742
DELI,0.7835648148148148,152.83140340491403,303.1283495416667
MEATS,0.7916666666666666,179.77637276910852,371.6094058368056
LINGERIE,0.7928240740740741,15.28392430736028,7.773148148148148
BREAD/BAKERY,0.7962962962962963,271.19368331913415,540.272570474537
FROZEN FOODS,0.8101851851851852,79.84703426557117,127.33120136226852
MAGAZINES,0.8159722222222222,11.692032201782396,7.113425925925926
LAWN AND GARDEN,0.8182870370370371,21.035414251598564,14.939814814814815
HOME AND KITCHEN II,0.8217592592592593,33.322965473643606,31.005787037037038
CELEBRATION,0.8217592592592593,19.672711782359208,12.462962962962964
POULTRY,0.8240740740740741,199.15502253307767,374.4910519791666
PRODUCE,0.8287037037037037,842.0926883358143,2288.7504353703703
PREPARED FOODS,0.8368055555555556,58.95361052036396,87.81441440046295
AUTOMOTIVE,0.8738425925925926,12.442059903100342,7.385416666666667
PET SUPPLIES,0.8900462962962963,14.304387779559859,8.429398148148149
PLAYERS AND ELECTRONICS,0.8993055555555556,16.159695975466295,11.671296296296296
