store_nbr,family,mean_sales,mean_width,coverage
1,AUTOMOTIVE,4.9375,12.946406245231628,0.875
1,BABY CARE,0.0,5.188863430276979,0.5625
1,BEAUTY,3.875,13.408628154546022,0.5
1,BEVERAGES,2004.125,1063.518400769043,0.75
1,BOOKS,0.0625,5.29460028950125,0.375
1,BREAD/BAKERY,310.2370625,159.1694020233154,0.5
1,CELEBRATION,10.0,27.70098900794983,0.875
1,CLEANING,593.9375,257.85662725830076,0.6875
1,DAIRY,613.4375,257.85662725830076,0.5
1,DELI,120.64975,78.70464979171751,0.625
1,EGGS,126.5625,80.90373571777343,0.8125
1,FROZEN FOODS,124.061249375,76.50556386566161,0.8125
1,GROCERY I,2299.3125,1063.5184007690432,0.625
1,GROCERY II,16.9375,30.031524062156677,0.875
1,HARDWARE,1.5625,6.0717869907617565,0.8125
1,HOME AND KITCHEN I,25.5625,32.12310230731964,0.75
1,HOME AND KITCHEN II,24.4375,36.30625879764557,0.875
1,HOME APPLIANCES,0.125,5.55746793653816,0.625
1,HOME CARE,162.0,95.59721155548095,0.8125
1,LADIESWEAR,13.5625,14.81912612915039,0.6875
1,LAWN AND GARDEN,16.8125,26.895411610603333,1.0
1,LINGERIE,8.375,12.890750139951706,0.625
1,"LIQUOR,WINE,BEER",87.625,67.70922016143798,0.75
1,MAGAZINES,6.375,11.814427256584167,0.9375
1,MEATS,287.80224875,140.60743504333496,0.6875
1,PERSONAL CARE,162.375,83.84243088531494,0.625
1,PET SUPPLIES,4.0625,10.304234568029642,1.0
1,PLAYERS AND ELECTRONICS,7.875,15.22582359611988,0.9375
1,POULTRY,278.7738775,149.8884185333252,0.4375
1,PREPARED FOODS,59.0003748125,45.718360900878906,0.8125
1,PRODUCE,2294.2943875,1063.518400769043,0.875
1,SCHOOL AND OFFICE SUPPLIES,0.0,3.9998541831970216,1.0
1,SEAFOOD,27.220374874999997,29.6063449382782,0.75
2,AUTOMOTIVE,7.375,12.19438798725605,0.8125
2,BABY CARE,0.0,6.119198128330754,0.5
2,BEAUTY,8.4375,22.448262095451355,0.9375
2,BEVERAGES,2764.9375,1175.9612302734376,0.4375
2,BOOKS,0.0,6.119198128330754,0.5
2,BREAD/BAKERY,624.1875,276.41859423828123,0.75
2,CELEBRATION,10.5625,15.645004510879517,0.8125
2,CLEANING,812.6875,332.64000899047846,0.375
2,DAIRY,792.3125,332.64000899047846,0.75
2,DELI,214.659875,119.106772895813,0.8125
2,EGGS,171.75,92.65851638793944,0.9375
2,FROZEN FOODS,103.5025,80.90373571777343,0.75
2,GROCERY I,3658.0,1175.9612302734376,0.25
2,GROCERY II,35.25,45.718360900878906,0.4375
2,HARDWARE,1.8125,6.982363300770521,0.8125
2,HOME AND KITCHEN I,21.0625,29.509155963897705,0.875
2,HOME AND KITCHEN II,34.1875,45.82586858177185,0.5625
2,HOME APPLIANCES,0.0625,6.6835881863255056,0.5625
2,HOME CARE,236.5,127.9228583984375,0.5625
2,LADIESWEAR,21.375,31.07731318473816,1.0
2,LAWN AND GARDEN,16.9375,26.552859902381897,0.8125
2,LINGERIE,4.9375,21.984519079327583,0.875
2,"LIQUOR,WINE,BEER",85.25,63.31104830932617,0.625
2,MAGAZINES,10.625,13.322996437549591,0.8125
2,MEATS,521.52518625,267.67312456054685,0.625
2,PERSONAL CARE,261.4375,124.984163230896,0.5625
2,PET SUPPLIES,8.8125,14.07106128334999,0.9375
2,PLAYERS AND ELECTRONICS,8.875,13.697028860449791,0.9375
2,POULTRY,448.77656375,248.57564376831053,0.9375
2,PREPARED FOODS,109.1107494375,78.70464979171751,0.9375
2,PRODUCE,2321.21775625,1175.9612302734374,0.9375
2,SCHOOL AND OFFICE SUPPLIES,0.0,3.9998541831970216,1.0
2,SEAFOOD,35.9949376875,34.104895770549774,0.6875
3,AUTOMOTIVE,11.125,16.419793784618378,0.9375
3,BABY CARE,0.9375,9.56496498733759,0.5625
3,BEAUTY,17.375,27.201810598373413,1.0
3,BEVERAGES,7883.1875,1175.9612302734372,0.3125
3,BOOKS,0.0,8.058301743119955,0.1875
3,BREAD/BAKERY,1179.361875,669.9684975036621,1.0
3,CELEBRATION,37.6875,41.53520441055298,0.625
3,CLEANING,1925.1875,1175.9612302734374,0.6875
3,DAIRY,2049.5,1175.9612302734374,0.9375
3,DELI,356.257,192.88974282836912,0.75
3,EGGS,482.4375,257.85662725830076,1.0
3,FROZEN FOODS,343.9415625,174.32777584838865,0.75
3,GROCERY I,7667.5625,1175.9612302734372,0.375
3,GROCERY II,81.8125,69.90830608749388,0.625
3,HARDWARE,3.25,11.005738347768784,0.875
3,HOME AND KITCHEN I,63.125,44.672571778297424,0.6875
3,HOME AND KITCHEN II,56.5,45.718360900878906,0.875
3,HOME APPLIANCES,0.0625,10.135914169251919,0.5
3,HOME CARE,499.25,267.13761074829097,0.75
3,LADIESWEAR,42.0,42.58099353313446,1.0
3,LAWN AND GARDEN,53.6875,47.917446826934814,0.9375
3,LINGERIE,24.0625,34.10572350025177,0.9375
3,"LIQUOR,WINE,BEER",219.0625,107.81689021301268,0.6875
3,MAGAZINES,30.3125,28.65417218208313,0.6875
3,MEATS,768.656816875,388.86142374267575,0.875
3,PERSONAL CARE,555.0625,267.13761074829097,0.9375
3,PET SUPPLIES,21.375,27.741991817951202,0.875
3,PLAYERS AND ELECTRONICS,26.1875,28.92605972290039,0.9375
3,POULTRY,1141.51830625,669.9684975036621,0.875
3,PREPARED FOODS,232.803936875,127.92285839843751,0.8125
3,PRODUCE,7771.3267375,1175.9612302734374,0.6875
3,SCHOOL AND OFFICE SUPPLIES,1.0,5.236759596318007,0.9375
3,SEAFOOD,84.81031225,58.91287645721435,0.875
4,AUTOMOTIVE,4.6875,9.376086622476578,1.0
4,BABY CARE,0.6875,6.6237560388632115,0.625
4,BEAUTY,5.9375,22.613242834806442,0.75
4,BEVERAGES,2380.875,1175.9612302734376,0.625
4,BOOKS,0.0,6.999689387995749,0.4375
4,BREAD/BAKERY,355.199,202.17072631835936,0.6875
4,CELEBRATION,7.375,14.44509370625019,0.875
4,CLEANING,768.9375,332.6400089904785,0.5
4,DAIRY,712.75,332.64000899047846,0.5625
4,DELI,185.90268749999998,110.29068739318848,0.6875
4,EGGS,142.0625,86.78112605285644,0.9375
4,FROZEN FOODS,90.551125,74.30647793960571,1.0
4,GROCERY I,3278.0625,1175.9612302734376,0.4375
4,GROCERY II,25.625,30.943367660045624,0.9375
4,HARDWARE,1.1875,7.753377016633749,0.8125
4,HOME AND KITCHEN I,17.0625,24.879421830177307,0.8125
4,HOME AND KITCHEN II,10.375,20.005240976810455,0.875
4,HOME APPLIANCES,0.0625,6.941564672812819,0.5625
4,HOME CARE,197.25,127.92285839843751,0.375
4,LADIESWEAR,19.1875,29.83679109811783,0.9375
4,LAWN AND GARDEN,22.1875,28.513799786567688,1.0
4,LINGERIE,2.6875,7.839271752769127,1.0
4,"LIQUOR,WINE,BEER",90.0,58.91287645721435,0.6875
4,MAGAZINES,8.375,12.57360365986824,0.9375
4,MEATS,408.483565,155.7658088684082,0.625
4,PERSONAL CARE,244.6875,124.984163230896,0.8125
4,PET SUPPLIES,6.5,13.697028860449791,0.875
4,PLAYERS AND ELECTRONICS,9.0625,14.81912612915039,1.0
4,POULTRY,382.03475000000003,192.88974282836912,0.875
4,PREPARED FOODS,56.4211875,45.718360900878906,0.6875
4,PRODUCE,2258.4520625,1175.9612302734374,0.9375
4,SCHOOL AND OFFICE SUPPLIES,0.0625,3.9998541831970216,1.0
4,SEAFOOD,24.7269375625,29.80523443222046,1.0
5,AUTOMOTIVE,7.25,9.958718288689852,0.9375
5,BABY CARE,0.4375,8.018124330602586,0.8125
5,BEAUTY,8.0625,24.31250923871994,0.875
5,BEVERAGES,1845.8125,1175.9612302734374,0.75
5,BOOKS,0.0,5.174993748869747,0.75
5,BREAD/BAKERY,350.982625,155.7658088684082,0.9375
5,CELEBRATION,26.9375,25.50222021341324,0.625
5,CLEANING,837.0625,276.41859423828123,0.3125
5,DAIRY,540.75,276.41859423828123,1.0
5,DELI,225.9930625,127.92285839843751,1.0
5,EGGS,83.4375,69.90830608749388,1.0
5,FROZEN FOODS,95.1680625,69.90830608749388,0.9375
5,GROCERY I,2956.4375,1175.9612302734376,0.8125
5,GROCERY II,42.875,52.31561867904663,0.125
5,HARDWARE,1.375,5.486565300449729,0.6875
5,HOME AND KITCHEN I,31.5,32.12310230731964,0.9375
5,HOME AND KITCHEN II,19.5,27.623020827770233,1.0
5,HOME APPLIANCES,0.0,5.2637695838231595,0.5625
5,HOME CARE,199.25,127.92285839843751,0.4375
5,LADIESWEAR,13.4375,17.98399931192398,0.75
5,LAWN AND GARDEN,9.5,15.455129772424698,0.8125
5,LINGERIE,11.875,14.07106128334999,0.875
5,"LIQUOR,WINE,BEER",64.1875,52.31561867904663,0.8125
5,MAGAZINES,8.6875,11.016241442412138,0.625
5,MEATS,255.496375,127.92285839843751,1.0
5,PERSONAL CARE,238.9375,127.92285839843751,0.875
5,PET SUPPLIES,3.375,8.912919353693724,0.875
5,PLAYERS AND ELECTRONICS,7.4375,11.750264644622803,0.9375
5,POULTRY,230.526311875,124.984163230896,1.0
5,PREPARED FOODS,60.3975,44.672571778297424,0.75
5,PRODUCE,1590.72218125,1119.7398155212402,0.9375
5,SCHOOL AND OFFICE SUPPLIES,0.9375,3.9998541831970216,1.0
5,SEAFOOD,9.33131248125,10.070408293884247,0.4375
6,AUTOMOTIVE,8.125,12.900480076670647,0.875
6,BABY CARE,0.0,5.79951955479919,0.5
6,BEAUTY,7.0625,19.90115761756897,0.625
6,BEVERAGES,3308.25,1175.9612302734376,0.625
6,BOOKS,0.0,5.792098568315851,0.5625
6,BREAD/BAKERY,536.8458125,276.41859423828123,0.9375
6,CELEBRATION,13.375,18.02442091703415,0.8125
6,CLEANING,1149.0625,951.0755712646484,0.8125
6,DAIRY,953.5,501.3042532470703,0.6875
6,DELI,332.0184375,174.32777584838865,0.875
6,EGGS,178.3125,95.59721155548095,1.0
6,FROZEN FOODS,149.8815625,89.71982122039795,0.9375
6,GROCERY I,4725.4375,1175.9612302734376,0.6875
6,GROCERY II,36.6875,36.30625879764557,0.9375
6,HARDWARE,0.875,6.49599525835365,0.6875
6,HOME AND KITCHEN I,27.6875,38.39783704280853,0.625
6,HOME AND KITCHEN II,63.5,45.718360900878906,0.75
6,HOME APPLIANCES,0.0,5.787077499786392,0.5625
6,HOME CARE,297.8125,155.7658088684082,0.3125
6,LADIESWEAR,23.5625,33.16889142990112,1.0
6,LAWN AND GARDEN,18.0625,25.225505888462067,1.0
6,LINGERIE,12.0,31.10151582956314,0.625
6,"LIQUOR,WINE,BEER",90.375,63.31104830932617,0.625
6,MAGAZINES,7.375,12.200899168848991,0.9375
6,MEATS,475.827808125,239.2946602783203,0.9375
6,PERSONAL CARE,369.1875,155.7658088684082,0.875
6,PET SUPPLIES,9.9375,14.81912612915039,1.0
6,PLAYERS AND ELECTRONICS,15.6875,17.31964462995529,0.9375
6,POULTRY,537.615063125,267.13761074829097,0.75
6,PREPARED FOODS,96.6226864375,61.11196238327026,0.8125
6,PRODUCE,2621.848125,1175.9612302734376,1.0
6,SCHOOL AND OFFICE SUPPLIES,0.0,3.9998541831970216,1.0
6,SEAFOOD,39.7063753125,42.58099353313446,1.0
7,AUTOMOTIVE,5.3125,12.168688744306564,0.9375
7,BABY CARE,0.0,7.455312877893448,0.375
7,BEAUTY,6.5625,24.460205256938934,0.75
7,BEVERAGES,3680.125,1175.9612302734376,0.6875
7,BOOKS,0.1875,7.4460169672966,0.5
7,BREAD/BAKERY,612.2155,276.41859423828123,0.5
7,CELEBRATION,17.125,27.547592163085938,1.0
7,CLEANING,1002.3125,613.7470827514649,0.5
7,DAIRY,1222.0,951.0755712646484,0.875
7,DELI,180.16875,104.41329705810547,0.75
7,EGGS,270.375,127.9228583984375,0.8125
7,FROZEN FOODS,208.4006875,127.92285839843751,0.875
7,GROCERY I,3677.5625,1175.9612302734376,0.4375
7,GROCERY II,37.4375,45.718360900878906,0.9375
7,HARDWARE,3.25,10.672640472650528,0.875
7,HOME AND KITCHEN I,34.9375,44.78007945919037,0.5625
7,HOME AND KITCHEN II,36.1875,37.35204792022705,0.875
7,HOME APPLIANCES,0.875,8.43652856349945,0.625
7,HOME CARE,238.25,127.92285839843751,0.75
7,LADIESWEAR,13.75,25.471586108207703,0.9375
7,LAWN AND GARDEN,39.125,37.35204792022705,0.625
7,LINGERIE,10.4375,24.1399315148592,0.6875
7,"LIQUOR,WINE,BEER",158.75,98.53590672302246,0.875
7,MAGAZINES,13.875,14.81912612915039,0.5
7,MEATS,476.793438125,257.85662725830076,0.9375
7,PERSONAL CARE,258.5,127.92285839843751,0.8125
7,PET SUPPLIES,8.5,13.322996437549591,0.875
7,PLAYERS AND ELECTRONICS,14.5,15.704539179801941,0.8125
7,POULTRY,628.56775125,276.41859423828123,0.8125
7,PREPARED FOODS,125.73306274999999,80.90373571777343,0.8125
7,PRODUCE,4864.77625,1175.9612302734376,0.8125
7,SCHOOL AND OFFICE SUPPLIES,0.4375,3.9998541831970216,1.0
7,SEAFOOD,42.845687687499996,38.39783704280853,0.75
8,AUTOMOTIVE,4.0625,14.44509370625019,0.75
8,BABY CARE,0.9375,8.403675213456154,0.5625
8,BEAUTY,12.0625,25.03155755996704,0.9375
8,BEVERAGES,4477.1875,1175.9612302734376,0.75
8,BOOKS,0.0,7.772507052868605,0.3125
8,BREAD/BAKERY,793.998875,276.41859423828123,0.625
8,CELEBRATION,19.5,28.537810802459717,0.8125
8,CLEANING,1183.125,894.8541565124511,0.8125
8,DAIRY,1386.25,1063.518400769043,0.9375
8,DELI,280.261000625,137.20384188842775,0.8125
8,EGGS,320.5,165.04679235839842,0.8125
8,FROZEN FOODS,164.297686875,98.53590672302246,0.9375
8,GROCERY I,4764.125,1175.9612302734376,0.4375
8,GROCERY II,41.3125,37.35204792022705,0.875
8,HARDWARE,3.375,12.172590360045433,0.75
8,HOME AND KITCHEN I,38.0,46.87165770435333,0.875
8,HOME AND KITCHEN II,49.5625,44.672571778297424,0.75
8,HOME APPLIANCES,0.0,9.584862444549799,0.3125
8,HOME CARE,344.1875,165.04679235839842,0.5625
8,LADIESWEAR,31.375,34.214680552482605,0.8125
8,LAWN AND GARDEN,33.8125,38.39783704280853,1.0
8,LINGERIE,23.625,29.904490768909454,0.8125
8,"LIQUOR,WINE,BEER",144.4375,92.65851638793944,0.75
8,MAGAZINES,20.125,27.24970030784607,0.75
8,MEATS,446.4801875,230.01367678833006,0.875
8,PERSONAL CARE,340.5,165.04679235839842,0.9375
8,PET SUPPLIES,19.125,28.907075107097626,0.9375
8,PLAYERS AND ELECTRONICS,21.0,28.803042769432068,1.0
8,POULTRY,599.27999875,276.41859423828123,0.625
8,PREPARED FOODS,149.184937875,89.71982122039795,0.875
8,PRODUCE,4549.5951875,1175.9612302734376,0.75
8,SCHOOL AND OFFICE SUPPLIES,1.5625,4.573321798443795,0.875
8,SEAFOOD,38.8029375,44.672571778297424,0.8125
9,AUTOMOTIVE,14.3125,14.81912612915039,0.9375
9,BABY CARE,0.5,7.889523208141327,0.625
9,BEAUTY,9.5625,24.189869940280914,0.9375
9,BEVERAGES,3711.375,1175.9612302734376,0.875
9,BOOKS,0.0,7.239077144674956,0.4375
9,BREAD/BAKERY,492.5,276.41859423828123,0.625
9,CELEBRATION,14.875,29.008376717567444,0.9375
9,CLEANING,1921.75,1119.7398155212402,0.75
9,DAIRY,827.375,332.64000899047846,0.75
9,DELI,574.326625,276.41859423828123,0.875
9,EGGS,214.75,104.41329705810547,0.4375
9,FROZEN FOODS,115.3834375,76.50556386566161,0.8125
9,GROCERY I,7178.8925625,1175.9612302734374,0.9375
9,GROCERY II,11.25,19.712210476398468,0.6875
9,HARDWARE,1.6875,8.64309447761625,0.75
9,HOME AND KITCHEN I,54.375,44.672571778297424,0.875
9,HOME AND KITCHEN II,46.625,41.53520441055298,0.8125
9,HOME APPLIANCES,0.0,7.645832397881895,0.3125
9,HOME CARE,431.3125,239.2946602783203,0.875
9,LADIESWEAR,10.5625,20.742345869541168,0.8125
9,LAWN AND GARDEN,5.75,18.063599541783333,0.8125
9,LINGERIE,9.1875,25.71516163647175,0.8125
9,"LIQUOR,WINE,BEER",58.625,52.31561867904663,0.875
9,MAGAZINES,3.5625,10.60824739933014,0.75
9,MEATS,377.83287625,183.6087593383789,0.8125
9,PERSONAL CARE,507.125,220.73269329833983,0.75
9,PET SUPPLIES,7.6875,14.07106128334999,0.875
9,PLAYERS AND ELECTRONICS,8.0,14.956474334001541,0.9375
9,POULTRY,448.18955875,220.73269329833983,0.8125
9,PREPARED FOODS,112.7841866875,80.90373571777343,0.8125
9,PRODUCE,1654.5931249999999,1063.518400769043,0.9375
9,SCHOOL AND OFFICE SUPPLIES,147.5,49.07074363040924,0.0
9,SEAFOOD,18.58393746875,26.27783238887787,1.0
10,AUTOMOTIVE,1.75,5.216266441531479,0.875
10,BABY CARE,0.0,4.596490142308175,0.8125
10,BEAUTY,2.6875,10.41603682950372,0.5
10,BEVERAGES,1500.375,1063.518400769043,0.9375
10,BOOKS,0.0,4.596490142308175,0.8125
10,BREAD/BAKERY,107.625,80.90373571777343,1.0
10,CELEBRATION,4.25,6.972174517810345,0.75
10,CLEANING,893.6875,276.41859423828123,0.75
10,DAIRY,319.5,137.20384188842772,0.9375
10,DELI,277.375,127.92285839843751,0.5625
10,EGGS,56.0,43.62678265571594,0.4375
10,FROZEN FOODS,38.25,34.214680552482605,0.75
10,GROCERY I,2908.375,1175.9612302734376,1.0
10,GROCERY II,5.0625,15.067496284842491,0.8125
10,HARDWARE,0.5625,4.576011585909873,1.0
10,HOME AND KITCHEN I,11.1875,20.07119107246399,0.875
10,HOME AND KITCHEN II,9.0,13.250234726816416,0.75
10,HOME APPLIANCES,0.0625,4.855897578783333,0.875
10,HOME CARE,177.125,98.53590672302246,0.9375
10,LADIESWEAR,3.875,5.784286179114133,0.5
10,LAWN AND GARDEN,0.0,4.574110659677535,0.8125
10,LINGERIE,2.0,4.944874877482652,0.75
10,"LIQUOR,WINE,BEER",14.75,25.3547882437706,0.75
10,MAGAZINES,0.4375,5.147231993544847,0.8125
10,MEATS,199.88893875,86.78112605285644,0.5
10,PERSONAL CARE,192.4375,95.59721155548095,0.6875
10,PET SUPPLIES,0.75,5.483462611585855,0.8125
10,PLAYERS AND ELECTRONICS,3.9375,8.754500776529312,1.0
10,POULTRY,148.0708125625,86.78112605285644,0.9375
10,PREPARED FOODS,30.25,31.07731318473816,0.875
10,PRODUCE,265.00906249999997,127.92285839843751,0.875
10,SCHOOL AND OFFICE SUPPLIES,2.4375,25.833231236696243,0.6875
10,SEAFOOD,1.75,4.676058679819107,0.8125
11,AUTOMOTIVE,8.625,14.44509370625019,0.9375
11,BABY CARE,0.1875,8.460751049220562,0.5
11,BEAUTY,5.0625,17.871694549918175,0.8125
11,BEVERAGES,4870.375,1175.9612302734376,0.6875
11,BOOKS,0.0,7.239077144674956,0.4375
11,BREAD/BAKERY,738.375,276.41859423828123,0.625
11,CELEBRATION,14.4375,31.07731318473816,0.6875
11,CLEANING,2047.625,1175.9612302734374,0.9375
11,DAIRY,666.4375,276.41859423828123,0.875
11,DELI,538.1465,276.41859423828123,1.0
11,EGGS,297.875,107.35199222564697,0.5
11,FROZEN FOODS,90.281436875,67.70922016143798,0.9375
11,GROCERY I,7942.2773125,1175.9612302734374,0.8125
11,GROCERY II,29.75,36.30625879764557,0.6875
11,HARDWARE,0.9375,8.111181441694498,0.75
11,HOME AND KITCHEN I,26.8125,36.30625879764557,0.8125
11,HOME AND KITCHEN II,21.4375,27.879840850830078,0.875
11,HOME APPLIANCES,0.125,7.910108268260956,0.4375
11,HOME CARE,547.1875,267.13761074829097,0.875
11,LADIESWEAR,6.75,21.815911889076233,0.375
11,LAWN AND GARDEN,2.375,9.95890722796321,0.75
11,LINGERIE,10.4375,14.81912612915039,0.875
11,"LIQUOR,WINE,BEER",38.6875,46.87165770435333,0.5625
11,MAGAZINES,2.125,10.593622028827667,0.875
11,MEATS,717.1282525,276.41859423828123,0.6875
11,PERSONAL CARE,466.875,192.88974282836912,0.8125
11,PET SUPPLIES,2.9375,10.622266858816147,0.8125
11,PLAYERS AND ELECTRONICS,15.875,20.652710616588593,0.75
11,POULTRY,449.591810625,202.17072631835936,0.8125
11,PREPARED FOODS,97.543750125,80.90373571777343,0.8125
11,PRODUCE,1577.331625,1119.7398155212402,0.9375
11,SCHOOL AND OFFICE SUPPLIES,22.875,35.26046967506409,0.75
11,SEAFOOD,11.25,16.72730043530464,0.75
12,AUTOMOTIVE,6.9375,8.856788098812103,0.6875
12,BABY CARE,0.0,4.628159996820614,0.75
12,BEAUTY,1.5,8.914779725531115,0.5625
12,BEVERAGES,1629.4375,1175.9612302734374,0.9375
12,BOOKS,0.0,4.628159996820614,0.75
12,BREAD/BAKERY,196.375,104.41329705810547,0.8125
12,CELEBRATION,13.75,14.208409488201141,0.6875
12,CLEANING,1117.0,276.41859423828123,0.625
12,DAIRY,387.25,248.57564376831053,0.75
12,DELI,212.875,127.92285839843751,0.6875
12,EGGS,70.25,52.31561867904663,0.4375
12,FROZEN FOODS,44.2245,40.4894152879715,0.75
12,GROCERY I,2886.4375,1175.9612302734376,0.9375
12,GROCERY II,7.3125,17.10133285820484,0.6875
12,HARDWARE,0.5,5.517216707020998,0.6875
12,HOME AND KITCHEN I,14.75,25.780670642852783,0.8125
12,HOME AND KITCHEN II,20.9375,19.963916540145874,0.8125
12,HOME APPLIANCES,0.1875,4.619066385179758,0.75
12,HOME CARE,170.25,104.41329705810547,0.875
12,LADIESWEAR,7.625,12.563102334737778,0.8125
12,LAWN AND GARDEN,0.0,4.605295017361641,0.75
12,LINGERIE,5.8125,25.446123391389847,0.5625
12,"LIQUOR,WINE,BEER",35.8125,42.58099353313446,0.8125
12,MAGAZINES,1.6875,5.002769979089498,0.75
12,MEATS,153.3475630625,86.78112605285644,0.75
12,PERSONAL CARE,197.1875,98.53590672302246,0.6875
12,PET SUPPLIES,1.625,5.522109096497298,0.9375
12,PLAYERS AND ELECTRONICS,7.375,9.612983006983995,0.625
12,POULTRY,154.76275,83.84243088531494,0.9375
12,PREPARED FOODS,33.1875,33.16889142990112,0.875
12,PRODUCE,352.56556375,174.32777584838865,0.875
12,SCHOOL AND OFFICE SUPPLIES,5.0,26.4207250893116,0.4375
12,SEAFOOD,3.3125,5.352263176441193,0.6875
13,AUTOMOTIVE,5.5,8.015862824814395,0.8125
13,BABY CARE,0.0,4.60008430480957,0.75
13,BEAUTY,4.5,7.865467998478562,0.6875
13,BEVERAGES,1683.25,1175.9612302734374,1.0
13,BOOKS,0.0,4.60008430480957,0.75
13,BREAD/BAKERY,120.375,80.90373571777343,0.6875
13,CELEBRATION,7.875,10.921976327896118,0.8125
13,CLEANING,942.1875,276.41859423828123,0.75
13,DAIRY,277.0,137.20384188842775,0.75
13,DELI,165.9375,89.71982122039795,0.875
13,EGGS,52.4375,45.718360900878906,0.625
13,FROZEN FOODS,33.75,35.26046967506409,0.9375
13,GROCERY I,2943.0,1175.9612302734376,0.9375
13,GROCERY II,14.5625,19.094044864177704,0.5625
13,HARDWARE,0.0625,4.626472134515643,0.75
13,HOME AND KITCHEN I,16.75,23.833632707595825,0.875
13,HOME AND KITCHEN II,9.875,25.236266434192657,1.0
13,HOME APPLIANCES,0.0,4.8187065677717325,0.875
13,HOME CARE,148.4375,83.84243088531494,0.9375
13,LADIESWEAR,1.625,5.408662129938603,0.9375
13,LAWN AND GARDEN,0.0,4.579418477043509,0.8125
13,LINGERIE,3.0,6.00066338526085,0.8125
13,"LIQUOR,WINE,BEER",41.3125,39.443626165390015,0.6875
13,MAGAZINES,1.0625,5.403054834867362,0.5625
13,MEATS,162.9588765625,83.84243088531494,0.8125
13,PERSONAL CARE,210.75,92.65851638793944,0.6875
13,PET SUPPLIES,0.5,4.965285175602185,0.9375
13,PLAYERS AND ELECTRONICS,5.875,11.912498462945223,0.875
13,POULTRY,97.95462500000001,72.1073920135498,0.875
13,PREPARED FOODS,22.9375,28.100321888923645,0.875
13,PRODUCE,203.33100000000002,107.35199222564698,0.75
13,SCHOOL AND OFFICE SUPPLIES,4.5625,37.6453023545742,0.5625
13,SEAFOOD,1.25,5.352263176441193,0.875
14,AUTOMOTIVE,3.625,9.406321743316948,0.8125
14,BABY CARE,0.0,5.740144307538867,0.75
14,BEAUTY,2.4375,11.45754952672869,0.75
14,BEVERAGES,1720.5,1175.9612302734374,0.8125
14,BOOKS,0.0,5.740144307538867,0.75
14,BREAD/BAKERY,172.1875,83.84243088531494,0.8125
14,CELEBRATION,10.8125,14.81912612915039,0.625
14,CLEANING,1399.25,557.5256679992676,0.4375
14,DAIRY,384.875,220.73269329833983,0.875
14,DELI,260.375,127.9228583984375,0.625
14,EGGS,38.125,44.672571778297424,0.75
14,FROZEN FOODS,44.80593775,44.672571778297424,1.0
14,GROCERY I,3116.1875,1175.9612302734376,0.875
14,GROCERY II,4.0,21.647618651390076,0.5
14,HARDWARE,0.3125,6.007402784097939,0.6875
14,HOME AND KITCHEN I,9.5625,26.896098017692566,0.8125
14,HOME AND KITCHEN II,23.125,24.865599632263184,0.8125
14,HOME APPLIANCES,0.0625,5.728170165605843,0.75
14,HOME CARE,205.5625,110.29068739318848,0.75
14,LADIESWEAR,0.9375,6.634343828633428,0.6875
14,LAWN AND GARDEN,0.0,5.456843634881079,0.6875
14,LINGERIE,3.4375,7.446154895983637,0.875
14,"LIQUOR,WINE,BEER",15.875,33.130645632743835,0.6875
14,MAGAZINES,2.125,7.094645914575085,0.875
14,MEATS,255.965063125,143.54613021087647,0.625
14,PERSONAL CARE,275.0,127.92285839843751,0.8125
14,PET SUPPLIES,0.9375,7.493958885408938,0.8125
14,PLAYERS AND ELECTRONICS,5.6875,9.957058019936085,0.875
14,POULTRY,87.257562375,63.31104830932617,0.75
14,PREPARED FOODS,95.0625,69.90830608749388,0.9375
14,PRODUCE,394.41775,230.01367678833006,0.8125
14,SCHOOL AND OFFICE SUPPLIES,3.125,14.969618195295334,0.875
14,SEAFOOD,4.875,7.017269647866487,0.4375
15,AUTOMOTIVE,4.4375,8.588557552546263,0.875
15,BABY CARE,0.8125,7.495756646804511,0.625
15,BEAUTY,3.75,11.256610166281462,0.9375
15,BEVERAGES,1747.8125,1175.9612302734374,1.0
15,BOOKS,0.0,5.45804538577795,0.5
15,BREAD/BAKERY,156.125,86.78112605285644,0.8125
15,CELEBRATION,3.875,7.25686422213912,0.75
15,CLEANING,964.1875,276.41859423828123,0.4375
15,DAIRY,332.5,183.6087593383789,0.625
15,DELI,256.8125,127.9228583984375,0.6875
15,EGGS,102.9375,67.70922016143798,0.8125
15,FROZEN FOODS,67.6875,50.11653275299072,0.875
15,GROCERY I,2758.375,1175.9612302734376,0.9375
15,GROCERY II,6.0,15.443226590752602,0.625
15,HARDWARE,1.4375,5.8183769173920155,0.6875
15,HOME AND KITCHEN I,12.0625,30.50123518705368,0.75
15,HOME AND KITCHEN II,18.8125,24.778563797473907,0.875
15,HOME APPLIANCES,0.1875,5.652155321836472,0.75
15,HOME CARE,224.6875,124.984163230896,0.9375
15,LADIESWEAR,7.8125,13.834377065300941,0.9375
15,LAWN AND GARDEN,0.0,5.417473932914436,0.75
15,LINGERIE,3.4375,8.537745705712586,0.75
15,"LIQUOR,WINE,BEER",22.8125,32.12310230731964,0.8125
15,MAGAZINES,2.0625,6.326026580482721,0.8125
15,MEATS,131.150186875,80.90373571777343,0.75
15,PERSONAL CARE,200.125,101.47460189056396,0.6875
15,PET SUPPLIES,0.6875,6.08096149340272,0.75
15,PLAYERS AND ELECTRONICS,5.6875,10.915829166769981,0.875
15,POULTRY,113.44368775,80.90373571777343,1.0
15,PREPARED FOODS,45.0625,43.62678265571594,0.8125
15,PRODUCE,625.12475,332.6400089904785,0.625
15,SCHOOL AND OFFICE SUPPLIES,4.3125,37.6453023545742,0.5625
15,SEAFOOD,4.75,6.0447924808133395,0.25
16,AUTOMOTIVE,4.625,9.104139511520042,0.8125
16,BABY CARE,0.3125,4.929145776818041,0.8125
16,BEAUTY,1.5,6.213924060203135,0.5
16,BEVERAGES,1533.875,1063.518400769043,0.8125
16,BOOKS,0.0,4.928264806605876,0.6875
16,BREAD/BAKERY,160.5625,86.78112605285644,0.75
16,CELEBRATION,5.4375,10.57833105130121,0.5
16,CLEANING,850.0,332.64000899047846,0.375
16,DAIRY,263.375,127.92285839843751,1.0
16,DELI,164.0625,92.65851638793944,0.8125
16,EGGS,178.5625,92.65851638793944,0.625
16,FROZEN FOODS,35.6093750625,42.688501214027404,0.875
16,GROCERY I,2210.5625,1175.9612302734374,0.875
16,GROCERY II,5.4375,14.284048039466143,0.5
16,HARDWARE,0.25,5.4556328754872085,0.75
16,HOME AND KITCHEN I,12.625,18.360778331756592,0.6875
16,HOME AND KITCHEN II,14.1875,15.704539179801941,1.0
16,HOME APPLIANCES,0.375,5.124355166684836,1.0
16,HOME CARE,166.125,95.59721155548095,0.8125
16,LADIESWEAR,0.0,4.887283343356103,0.8125
16,LAWN AND GARDEN,0.0,4.887283343356103,0.8125
16,LINGERIE,3.0625,6.0459191495552655,0.875
16,"LIQUOR,WINE,BEER",33.125,52.31561867904663,0.375
16,MAGAZINES,1.8125,5.493472792953253,0.875
16,MEATS,56.4558125,45.718360900878906,0.8125
16,PERSONAL CARE,139.5625,86.78112605285644,0.875
16,PET SUPPLIES,1.125,6.523968217521906,0.9375
16,PLAYERS AND ELECTRONICS,3.75,8.089491425454616,0.9375
16,POULTRY,70.8079375,54.51470460510254,0.9375
16,PREPARED FOODS,39.1875,33.16889142990112,0.75
16,PRODUCE,579.570125,276.41859423828123,1.0
16,SCHOOL AND OFFICE SUPPLIES,0.0,3.9998541831970216,1.0
16,SEAFOOD,1.1875,3.9998541831970216,0.875
17,AUTOMOTIVE,9.1875,13.697028860449791,0.8125
17,BABY CARE,0.75,7.487140024825931,0.875
17,BEAUTY,2.625,15.80014318227768,0.5625
17,BEVERAGES,3091.8125,1175.9612302734376,0.5625
17,BOOKS,0.0,6.603661977872252,0.625
17,BREAD/BAKERY,325.9375,165.04679235839842,0.6875
17,CELEBRATION,7.875,13.697028860449791,0.6875
17,CLEANING,1244.25,501.3042532470703,0.8125
17,DAIRY,744.125,276.41859423828123,0.625
17,DELI,514.1875,267.13761074829097,0.75
17,EGGS,203.625,98.53590672302245,0.625
17,FROZEN FOODS,110.70400000000001,80.90373571777343,0.875
17,GROCERY I,4610.625,1175.9612302734376,0.8125
17,GROCERY II,15.4375,22.65310549736023,0.8125
17,HARDWARE,1.6875,7.8231670508626845,0.875
17,HOME AND KITCHEN I,27.375,28.768238604068756,0.9375
17,HOME AND KITCHEN II,26.75,28.522475838661194,0.625
17,HOME APPLIANCES,0.125,7.178162108920515,0.5625
17,HOME CARE,295.4375,146.48482537841795,0.875
17,LADIESWEAR,0.1875,6.4103665827773515,0.625
17,LAWN AND GARDEN,0.0,6.291520093195141,0.625
17,LINGERIE,9.0,21.207395896315575,0.75
17,"LIQUOR,WINE,BEER",46.3125,45.82586858177185,0.8125
17,MAGAZINES,4.25,10.476646229624748,0.9375
17,MEATS,264.33868875,127.92285839843751,0.9375
17,PERSONAL CARE,290.375,137.20384188842775,0.875
17,PET SUPPLIES,2.5625,8.789450377225876,0.9375
17,PLAYERS AND ELECTRONICS,9.8125,14.07106128334999,0.875
17,POULTRY,379.6961875,174.32777584838865,0.875
17,PREPARED FOODS,60.875,45.718360900878906,0.9375
17,PRODUCE,1479.9648124999999,1063.518400769043,0.9375
17,SCHOOL AND OFFICE SUPPLIES,11.5625,16.667302906513214,0.9375
17,SEAFOOD,13.5625,25.005861222743988,0.9375
18,AUTOMOTIVE,4.3125,8.758795157074928,1.0
18,BABY CARE,0.3125,5.793464203737676,0.5
18,BEAUTY,4.6875,18.066421419382095,0.875
18,BEVERAGES,2159.4375,1175.9612302734376,0.3125
18,BOOKS,0.0,5.689526371471584,0.6875
18,BREAD/BAKERY,548.625,276.41859423828123,0.6875
18,CELEBRATION,9.25,12.200899168848991,0.8125
18,CLEANING,655.1875,276.41859423828123,0.9375
18,DAIRY,585.0,276.41859423828123,0.5
18,DELI,209.0523125,122.04546806335449,0.5625
18,EGGS,185.875,104.41329705810547,0.6875
18,FROZEN FOODS,61.206375,52.31561867904663,0.875
18,GROCERY I,2972.1030625,1175.9612302734376,0.9375
18,GROCERY II,14.75,18.506422638893127,0.75
18,HARDWARE,0.9375,6.258577781310305,0.8125
18,HOME AND KITCHEN I,19.5625,36.30625879764557,0.75
18,HOME AND KITCHEN II,21.375,24.46061021089554,0.8125
18,HOME APPLIANCES,0.0625,5.569739319384098,0.5625
18,HOME CARE,195.25,119.106772895813,0.6875
18,LADIESWEAR,9.9375,14.44509370625019,0.6875
18,LAWN AND GARDEN,3.6875,12.352339889854193,0.8125
18,LINGERIE,6.4375,22.443688690662384,0.5625
18,"LIQUOR,WINE,BEER",57.3125,50.11653275299072,0.6875
18,MAGAZINES,2.3125,6.816462967777625,0.9375
18,MEATS,104.25993774999999,84.58204012680054,0.8125
18,PERSONAL CARE,172.125,101.47460189056396,0.6875
18,PET SUPPLIES,3.625,9.166070219129324,1.0
18,PLAYERS AND ELECTRONICS,7.875,12.571390509605408,0.9375
18,POULTRY,183.5115,110.29068739318848,0.75
18,PREPARED FOODS,55.389812625,47.917446826934814,0.875
18,PRODUCE,1835.993375,1119.7398155212402,0.9375
18,SCHOOL AND OFFICE SUPPLIES,46.625,43.62678265571594,0.625
18,SEAFOOD,14.80306253125,18.769360437989235,0.875
19,AUTOMOTIVE,6.6875,10.819460906088352,0.75
19,BABY CARE,0.5625,4.891648980556056,0.875
19,BEAUTY,3.6875,10.65383006092161,0.75
19,BEVERAGES,2695.25,1175.9612302734376,0.875
19,BOOKS,0.0,4.863512543059187,0.8125
19,BREAD/BAKERY,182.5,92.65851638793944,0.75
19,CELEBRATION,6.9375,10.724246580153704,0.8125
19,CLEANING,957.5625,388.86142374267575,0.5
19,DAIRY,350.125,174.32777584838865,0.8125
19,DELI,306.375,146.48482537841795,0.8125
19,EGGS,61.9375,56.713790531158445,0.9375
19,FROZEN FOODS,44.652,45.718360900878906,0.9375
19,GROCERY I,3474.9375,1175.9612302734376,0.875
19,GROCERY II,16.25,36.30625879764557,0.5
19,HARDWARE,1.5625,5.203269726037979,0.8125
19,HOME AND KITCHEN I,13.25,26.474769055843353,0.9375
19,HOME AND KITCHEN II,23.125,17.47536528110504,0.625
19,HOME APPLIANCES,0.1875,4.874536076188088,0.8125
19,HOME CARE,189.3125,101.47460189056396,0.8125
19,LADIESWEAR,8.8125,12.920613661408424,0.8125
19,LAWN AND GARDEN,0.0,4.605295017361641,0.75
19,LINGERIE,4.3125,9.46128436261788,0.875
19,"LIQUOR,WINE,BEER",41.25,40.4894152879715,0.625
19,MAGAZINES,2.5625,6.323788461368531,0.75
19,MEATS,154.386248125,86.78112605285644,0.875
19,PERSONAL CARE,198.0625,101.47460189056396,0.9375
19,PET SUPPLIES,1.5,5.92297775298357,0.9375
19,PLAYERS AND ELECTRONICS,5.4375,10.327680725604296,0.875
19,POULTRY,137.3451875,84.58204012680054,0.875
19,PREPARED FOODS,26.6875,28.985734939575195,0.875
19,PRODUCE,481.8325,248.57564376831053,0.8125
19,SCHOOL AND OFFICE SUPPLIES,4.3125,47.258287546396254,0.4375
19,SEAFOOD,5.4375,6.121959173679352,0.375
20,AUTOMOTIVE,7.5,13.697028860449791,0.9375
20,BABY CARE,0.0625,7.572206187993288,0.4375
20,BEAUTY,5.4375,18.750740125775337,0.8125
20,BEVERAGES,4453.8125,1175.9612302734376,0.5
20,BOOKS,0.0,7.1491620255634185,0.5
20,BREAD/BAKERY,529.625,248.57564376831053,0.8125
20,CELEBRATION,7.3125,14.07106128334999,1.0
20,CLEANING,1897.6875,838.6327417602539,0.625
20,DAIRY,799.375,332.64000899047846,0.8125
20,DELI,722.9132500000001,332.6400089904785,0.8125
20,EGGS,114.0625,87.52073529434203,0.5625
20,FROZEN FOODS,95.080875,61.11196238327026,0.8125
20,GROCERY I,6498.1603125,1175.9612302734376,0.4375
20,GROCERY II,12.8125,24.95126986503601,0.9375
20,HARDWARE,0.625,7.269784225989133,0.6875
20,HOME AND KITCHEN I,21.0,35.26046967506409,0.75
20,HOME AND KITCHEN II,17.3125,29.052015960216522,0.9375
20,HOME APPLIANCES,0.0,7.197087706439197,0.5
20,HOME CARE,369.1875,174.32777584838865,1.0
20,LADIESWEAR,1.375,13.292394272983074,0.1875
20,LAWN AND GARDEN,6.75,18.147121980786324,0.625
20,LINGERIE,4.25,13.830958023667336,0.875
20,"LIQUOR,WINE,BEER",55.125,50.11653275299072,0.75
20,MAGAZINES,1.5625,8.931022558361292,0.625
20,MEATS,387.367876875,165.04679235839845,0.875
20,PERSONAL CARE,416.75,174.32777584838865,0.6875
20,PET SUPPLIES,4.0625,12.90783117711544,0.875
20,PLAYERS AND ELECTRONICS,6.5625,13.697028860449791,0.8125
20,POULTRY,365.17912625,174.32777584838868,0.75
20,PREPARED FOODS,73.044062375,54.51470460510254,0.9375
20,PRODUCE,1105.3366893749999,669.9684975036621,0.875
20,SCHOOL AND OFFICE SUPPLIES,58.875,37.51242399215698,0.1875
20,SEAFOOD,16.338624875,23.88505107164383,0.875
21,AUTOMOTIVE,11.625,13.697028860449791,0.8125
21,BABY CARE,0.375,5.794633268564939,0.6875
21,BEAUTY,5.0625,14.491906851530075,0.75
21,BEVERAGES,3592.125,1175.9612302734376,0.5
21,BOOKS,0.0,5.426726941764355,0.6875
21,BREAD/BAKERY,463.875,248.57564376831053,0.8125
21,CELEBRATION,6.625,12.574931591749191,0.875
21,CLEANING,1709.9375,894.8541565124511,0.5625
21,DAIRY,643.0,276.41859423828123,0.875
21,DELI,347.2058125,165.04679235839842,0.8125
21,EGGS,292.875,159.16940202331543,0.6875
21,FROZEN FOODS,94.874562,66.98935271835327,0.9375
21,GROCERY I,4714.032625,1175.9612302734376,0.75
21,GROCERY II,18.0,28.350362241268158,1.0
21,HARDWARE,0.5625,5.921501561999321,0.8125
21,HOME AND KITCHEN I,39.6875,42.58099353313446,0.6875
21,HOME AND KITCHEN II,32.125,43.62678265571594,1.0
21,HOME APPLIANCES,0.1875,5.396160740219057,0.75
21,HOME CARE,361.125,146.48482537841795,0.8125
21,LADIESWEAR,4.625,10.657823745161295,0.9375
21,LAWN AND GARDEN,3.5,11.703986179828643,0.8125
21,LINGERIE,10.75,14.44509370625019,0.75
21,"LIQUOR,WINE,BEER",94.0625,58.91287645721435,0.4375
21,MAGAZINES,1.9375,7.320937771955505,0.8125
21,MEATS,123.2823128125,80.90373571777343,0.6875
21,PERSONAL CARE,319.4375,143.54613021087647,0.9375
21,PET SUPPLIES,2.8125,8.26738468306139,0.75
21,PLAYERS AND ELECTRONICS,5.75,10.70312212780118,0.9375
21,POULTRY,186.08481375,92.65851638793944,0.875
21,PREPARED FOODS,166.43837625,83.84243088531494,0.8125
21,PRODUCE,1489.101939375,894.8541565124511,0.8125
21,SCHOOL AND OFFICE SUPPLIES,0.375,4.027396918833256,0.8125
21,SEAFOOD,6.25,13.964208221435547,0.8125
22,AUTOMOTIVE,5.0,8.929117231070995,0.8125
22,BABY CARE,0.3125,5.215355926938355,0.75
22,BEAUTY,2.625,9.833343459106981,0.8125
22,BEVERAGES,1972.125,1175.9612302734374,0.9375
22,BOOKS,0.0,4.928264806605876,0.6875
22,BREAD/BAKERY,144.0625,86.78112605285644,0.4375
22,CELEBRATION,7.25,13.034595731645823,0.9375
22,CLEANING,819.0,276.41859423828123,0.6875
22,DAIRY,330.0625,155.7658088684082,0.875
22,DELI,146.8125,89.71982122039795,0.75
22,EGGS,57.875,52.31561867904663,0.5
22,FROZEN FOODS,61.723625,50.11653275299072,0.875
22,GROCERY I,2715.625,1175.9612302734376,0.75
22,GROCERY II,7.6875,20.815388798713684,0.5625
22,HARDWARE,1.125,5.703557034395635,0.875
22,HOME AND KITCHEN I,24.75,27.198346436023712,0.75
22,HOME AND KITCHEN II,19.4375,29.719970703125,1.0
22,HOME APPLIANCES,0.0,5.184324173443019,0.75
22,HOME CARE,184.0,98.53590672302246,0.8125
22,LADIESWEAR,0.25,6.11204745117575,0.5625
22,LAWN AND GARDEN,0.0,4.887283343356103,0.8125
22,LINGERIE,4.3125,11.042363692075014,0.8125
22,"LIQUOR,WINE,BEER",117.3125,56.713790531158445,0.1875
22,MAGAZINES,2.875,6.4326666672714055,0.8125
22,MEATS,114.06700000000001,78.70464979171751,0.5
22,PERSONAL CARE,163.9375,89.71982122039795,0.75
22,PET SUPPLIES,1.4375,6.081181984953583,0.8125
22,PLAYERS AND ELECTRONICS,6.8125,10.99298457056284,0.8125
22,POULTRY,149.71593625,86.78112605285644,0.4375
22,PREPARED FOODS,28.625,40.4894152879715,0.9375
22,PRODUCE,513.9881875,267.13761074829097,0.6875
22,SCHOOL AND OFFICE SUPPLIES,3.875,14.415348589420319,0.75
22,SEAFOOD,1.9375,4.965032021701336,0.875
23,AUTOMOTIVE,2.25,7.198211227357388,0.875
23,BABY CARE,0.0,5.497692028526217,0.4375
23,BEAUTY,2.625,18.108835607767105,0.375
23,BEVERAGES,1378.75,1175.9612302734374,0.875
23,BOOKS,0.125,5.497692028526217,0.4375
23,BREAD/BAKERY,258.485686875,127.92285839843751,0.75
23,CELEBRATION,8.6875,24.558669686317444,0.5625
23,CLEANING,514.75,276.41859423828123,0.8125
23,DAIRY,480.375,276.41859423828123,0.9375
23,DELI,125.7661875,80.90373571777343,0.75
23,EGGS,48.1875,32.12310230731964,0.25
23,FROZEN FOODS,66.6683125,61.11196238327026,0.75
23,GROCERY I,2033.4375,1175.9612302734374,0.8125
23,GROCERY II,24.6875,31.07731318473816,0.75
23,HARDWARE,0.5625,5.58494031066075,0.6875
23,HOME AND KITCHEN I,11.375,24.392578065395355,0.8125
23,HOME AND KITCHEN II,21.3125,26.999354243278503,0.8125
23,HOME APPLIANCES,0.3125,5.519080959260464,0.5625
23,HOME CARE,127.0625,80.90373571777343,0.875
23,LADIESWEAR,14.1875,14.81912612915039,0.75
23,LAWN AND GARDEN,2.0,7.278485476318747,0.75
23,LINGERIE,2.5625,9.998371392767876,0.8125
23,"LIQUOR,WINE,BEER",54.1875,52.31561867904663,0.625
23,MAGAZINES,5.0625,9.477901060134172,1.0
23,MEATS,643.8253125,230.01367678833006,0.375
23,PERSONAL CARE,146.5,86.78112605285644,0.875
23,PET SUPPLIES,4.125,9.431746702641249,0.75
23,PLAYERS AND ELECTRONICS,5.875,11.826866745948792,0.8125
23,POULTRY,332.092500625,146.48482537841795,0.75
23,PREPARED FOODS,31.7248125625,28.985734939575195,0.875
23,PRODUCE,1168.7821875,782.4113270080566,0.8125
23,SCHOOL AND OFFICE SUPPLIES,0.0,3.9998541831970216,1.0
23,SEAFOOD,7.81031253125,8.30467827054672,0.375
24,AUTOMOTIVE,2.375,9.912159010767937,0.8125
24,BABY CARE,0.0625,7.8078308291733265,0.4375
24,BEAUTY,5.375,19.75497803092003,0.6875
24,BEVERAGES,3432.5625,1175.9612302734376,0.8125
24,BOOKS,0.0,8.280055366456509,0.3125
24,BREAD/BAKERY,756.527875,276.41859423828123,0.9375
24,CELEBRATION,17.3125,23.83464777469635,0.8125
24,CLEANING,1057.75,726.1899122558593,0.6875
24,DAIRY,1276.125,1007.2969860168456,1.0
24,DELI,275.9321875,127.92285839843751,0.9375
24,EGGS,233.0,122.0454680633545,0.9375
24,FROZEN FOODS,171.0863125,95.59721155548095,0.875
24,GROCERY I,3991.375,1175.9612302734376,0.75
24,GROCERY II,40.375,40.4894152879715,0.6875
24,HARDWARE,0.6875,8.809891771525145,0.625
24,HOME AND KITCHEN I,20.875,33.16889142990112,0.75
24,HOME AND KITCHEN II,30.8125,39.443626165390015,0.9375
24,HOME APPLIANCES,0.0,8.162180092185736,0.375
24,HOME CARE,253.75,127.92285839843751,0.8125
24,LADIESWEAR,13.75,14.81912612915039,0.75
24,LAWN AND GARDEN,36.25,39.443626165390015,1.0
24,LINGERIE,10.75,14.81912612915039,0.8125
24,"LIQUOR,WINE,BEER",84.25,74.30647793960571,0.625
24,MAGAZINES,13.0,16.43296754360199,0.8125
24,MEATS,411.36781375,183.6087593383789,0.875
24,PERSONAL CARE,283.75,127.92285839843751,0.875
24,PET SUPPLIES,17.125,24.44533783197403,0.9375
24,PLAYERS AND ELECTRONICS,9.3125,14.81912612915039,0.8125
24,POULTRY,533.121875,276.41859423828123,0.9375
24,PREPARED FOODS,114.570187125,80.90373571777343,1.0
24,PRODUCE,3681.046675,1175.9612302734376,0.875
24,SCHOOL AND OFFICE SUPPLIES,0.0,3.9998541831970216,1.0
24,SEAFOOD,24.4685625,31.07731318473816,0.9375
25,AUTOMOTIVE,3.5,8.594176542013884,0.9375
25,BABY CARE,0.125,4.984219457907602,0.6875
25,BEAUTY,4.75,19.87499415129423,0.5
25,BEVERAGES,2423.1875,1175.9612302734374,0.8125
25,BOOKS,0.0,4.982318538660183,0.5625
25,BREAD/BAKERY,443.673875,127.9228583984375,0.4375
25,CELEBRATION,8.5625,11.41180570423603,0.8125
25,CLEANING,485.6875,192.88974282836912,0.6875
25,DAIRY,668.25,267.13761074829097,0.6875
25,DELI,168.873625,80.90373571777343,0.8125
25,EGGS,145.625,76.50556386566161,0.625
25,FROZEN FOODS,129.463562625,62.59118086624146,0.75
25,GROCERY I,2104.1875,1175.9612302734374,0.875
25,GROCERY II,26.4375,25.626022219657898,0.75
25,HARDWARE,1.625,5.509349048975855,0.8125
25,HOME AND KITCHEN I,22.9375,27.214908838272095,0.625
25,HOME AND KITCHEN II,18.5,26.422746002674103,0.75
25,HOME APPLIANCES,0.0,5.722308101318776,0.75
25,HOME CARE,115.0625,78.70464979171751,0.9375
25,LADIESWEAR,0.0,4.965031785611063,0.5625
25,LAWN AND GARDEN,23.875,35.26046967506409,0.75
25,LINGERIE,4.875,9.91264458373189,0.875
25,"LIQUOR,WINE,BEER",304.25,89.71982122039795,0.375
25,MAGAZINES,11.875,14.07106128334999,0.875
25,MEATS,242.286,95.59721155548095,0.6875
25,PERSONAL CARE,122.5,80.90373571777343,0.9375
25,PET SUPPLIES,5.625,10.278718408197165,0.8125
25,PLAYERS AND ELECTRONICS,7.6875,12.560234412550926,0.875
25,POULTRY,207.352938125,86.78112605285644,0.625
25,PREPARED FOODS,43.1253126875,31.07731318473816,0.5625
25,PRODUCE,1931.50825625,838.6327417602539,0.625
25,SCHOOL AND OFFICE SUPPLIES,1.0625,3.9998541831970216,0.9375
25,SEAFOOD,6.125,7.123089277744294,0.3125
26,AUTOMOTIVE,4.25,9.944051448255777,0.8125
26,BABY CARE,0.0,4.958786607347429,0.6875
26,BEAUTY,0.5,6.29041151702404,0.4375
26,BEVERAGES,888.9375,388.86142374267575,0.1875
26,BOOKS,0.0,4.958786607347429,0.6875
26,BREAD/BAKERY,229.5625,116.16807772827148,0.875
26,CELEBRATION,4.9375,11.734677478671074,1.0
26,CLEANING,352.125,230.01367678833006,0.25
26,DAIRY,250.25,137.20384188842775,0.75
26,DELI,88.4718125,72.1073920135498,0.75
26,EGGS,36.125,36.30625879764557,0.8125
26,FROZEN FOODS,33.8636875,39.443626165390015,0.75
26,GROCERY I,1492.375,1119.7398155212402,0.625
26,GROCERY II,12.5,28.985734939575195,0.3125
26,HARDWARE,0.5625,5.454774178052321,0.8125
26,HOME AND KITCHEN I,11.5,21.900398194789886,0.8125
26,HOME AND KITCHEN II,8.375,16.894684329628944,0.9375
26,HOME APPLIANCES,0.3125,5.20740995653905,0.8125
26,HOME CARE,92.25,63.31104830932617,0.625
26,LADIESWEAR,0.0625,5.451493575656786,0.6875
26,LAWN AND GARDEN,7.25,14.208409488201141,0.6875
26,LINGERIE,0.75,5.630430560791865,0.6875
26,"LIQUOR,WINE,BEER",22.0,42.58099353313446,0.5
26,MAGAZINES,0.125,5.4514184110797945,0.8125
26,MEATS,273.4499375,140.60743504333496,0.875
26,PERSONAL CARE,130.25,80.90373571777343,0.5
26,PET SUPPLIES,2.0,7.981302531808614,0.9375
26,PLAYERS AND ELECTRONICS,1.9375,6.321243778336793,0.9375
26,POULTRY,155.7589375625,95.59721155548095,0.8125
26,PREPARED FOODS,25.3125,31.07731318473816,0.9375
26,PRODUCE,533.3854375,248.57564376831053,0.75
26,SCHOOL AND OFFICE SUPPLIES,0.8125,3.9998541831970216,0.9375
26,SEAFOOD,2.6875,5.352263176441193,0.5625
27,AUTOMOTIVE,7.0,13.697028860449791,0.875
27,BABY CARE,0.3125,7.719885002821684,0.5625
27,BEAUTY,3.25,18.80095601454377,0.5625
27,BEVERAGES,3135.625,1175.9612302734376,0.8125
27,BOOKS,0.0625,7.508168205618858,0.25
27,BREAD/BAKERY,648.16062625,276.41859423828123,1.0
27,CELEBRATION,16.0,28.905314207077026,0.9375
27,CLEANING,857.8125,332.64000899047846,0.4375
27,DAIRY,1035.1875,388.86142374267575,0.75
27,DELI,298.0641875,137.20384188842775,0.9375
27,EGGS,245.9375,119.106772895813,1.0
27,FROZEN FOODS,139.3,89.71982122039795,0.875
27,GROCERY I,3902.125,1175.9612302734376,0.75
27,GROCERY II,34.5,32.12310230731964,0.875
27,HARDWARE,2.75,9.470902115106583,0.875
27,HOME AND KITCHEN I,19.5,38.39783704280853,0.4375
27,HOME AND KITCHEN II,29.75,43.62678265571594,0.9375
27,HOME APPLIANCES,0.375,7.548217027820646,0.4375
27,HOME CARE,221.125,137.20384188842775,0.5625
27,LADIESWEAR,7.5,14.44509370625019,0.5625
27,LAWN AND GARDEN,40.125,37.35204792022705,0.9375
27,LINGERIE,10.9375,14.07106128334999,0.875
27,"LIQUOR,WINE,BEER",175.875,93.39812562942504,0.5
27,MAGAZINES,3.75,11.35576306283474,0.8125
27,MEATS,306.779938125,146.48482537841798,1.0
27,PERSONAL CARE,262.875,124.984163230896,0.8125
27,PET SUPPLIES,11.125,14.81912612915039,1.0
27,PLAYERS AND ELECTRONICS,10.375,14.07106128334999,0.9375
27,POULTRY,404.931375,202.17072631835936,1.0
27,PREPARED FOODS,80.5756245,58.91287645721435,0.875
27,PRODUCE,2820.4913125000003,1175.9612302734376,1.0
27,SCHOOL AND OFFICE SUPPLIES,1.4375,4.287508825957775,1.0
27,SEAFOOD,17.63399996875,26.80682611465454,0.9375
28,AUTOMOTIVE,6.5,14.07106128334999,0.9375
28,BABY CARE,0.0,7.11285355258733,0.5625
28,BEAUTY,3.1875,14.616500556468964,0.75
28,BEVERAGES,3780.125,1175.9612302734376,0.75
28,BOOKS,0.0,7.11285355258733,0.5625
28,BREAD/BAKERY,671.75,332.64000899047846,0.9375
28,CELEBRATION,14.125,25.889884293079376,0.9375
28,CLEANING,1274.5,951.0755712646484,0.75
28,DAIRY,908.125,388.86142374267575,0.625
28,DELI,383.976875,192.88974282836912,0.8125
28,EGGS,262.625,137.20384188842775,0.625
28,FROZEN FOODS,78.5693125,54.51470460510254,0.75
28,GROCERY I,5808.742625,1175.9612302734376,0.375
28,GROCERY II,20.4375,30.16510647535324,1.0
28,HARDWARE,0.875,7.976979985833168,0.5625
28,HOME AND KITCHEN I,32.9375,42.58099353313446,0.8125
28,HOME AND KITCHEN II,19.6875,31.07731318473816,0.875
28,HOME APPLIANCES,1.0625,8.050640046270564,0.6875
28,HOME CARE,283.625,146.48482537841798,0.625
28,LADIESWEAR,0.0,6.374589777970686,0.5
28,LAWN AND GARDEN,6.25,16.58995223045349,0.8125
28,LINGERIE,5.8125,13.298790469765663,0.9375
28,"LIQUOR,WINE,BEER",55.375,56.713790531158445,0.6875
28,MAGAZINES,1.25,8.623584907501936,0.75
28,MEATS,217.090186875,110.29068739318848,0.6875
28,PERSONAL CARE,342.125,146.48482537841795,0.4375
28,PET SUPPLIES,5.25,12.200899168848991,1.0
28,PLAYERS AND ELECTRONICS,4.9375,13.26735743880272,0.9375
28,POULTRY,229.5270625,119.106772895813,0.6875
28,PREPARED FOODS,87.4568125,61.11196238327026,0.8125
28,PRODUCE,1765.8224375,951.0755712646484,0.6875
28,SCHOOL AND OFFICE SUPPLIES,2.1875,4.48724457025528,0.8125
28,SEAFOOD,5.3125,8.060096061974765,0.625
29,AUTOMOTIVE,6.25,12.517812810838223,0.9375
29,BABY CARE,0.5625,6.3122451903298495,0.6875
29,BEAUTY,4.0625,13.392064459621906,0.6875
29,BEVERAGES,3477.0,1175.9612302734376,0.75
29,BOOKS,0.0,5.764300891757012,0.4375
29,BREAD/BAKERY,733.375,276.41859423828123,0.8125
29,CELEBRATION,13.0,16.29518699645996,0.9375
29,CLEANING,1020.6875,501.3042532470703,0.625
29,DAIRY,753.0,332.64000899047846,0.8125
29,DELI,293.883125,146.48482537841798,0.8125
29,EGGS,253.25,128.85265437316895,0.75
29,FROZEN FOODS,80.5960625,56.713790531158445,0.75
29,GROCERY I,4253.527875,1175.9612302734376,1.0
29,GROCERY II,18.5625,31.07731318473816,0.875
29,HARDWARE,1.625,7.212125844508409,1.0
29,HOME AND KITCHEN I,26.75,39.443626165390015,0.75
29,HOME AND KITCHEN II,21.625,26.747594237327576,0.9375
29,HOME APPLIANCES,0.0,6.582174340356142,0.625
29,HOME CARE,250.1875,134.26514672088624,0.9375
29,LADIESWEAR,0.0,5.508571850601584,0.4375
29,LAWN AND GARDEN,7.125,14.568737614899874,0.75
29,LINGERIE,6.0625,12.482880160212517,0.875
29,"LIQUOR,WINE,BEER",98.0625,75.7856964225769,0.5
29,MAGAZINES,1.5,7.173048918414861,0.875
29,MEATS,130.308374625,80.90373571777343,0.9375
29,PERSONAL CARE,263.3125,128.38775638580321,0.75
29,PET SUPPLIES,5.0,10.66579270362854,0.875
29,PLAYERS AND ELECTRONICS,5.5,11.390130296349525,0.9375
29,POULTRY,200.9204375,107.35199222564697,1.0
29,PREPARED FOODS,68.7404375,47.917446826934814,0.9375
29,PRODUCE,1329.9025625,669.9684975036621,0.8125
29,SCHOOL AND OFFICE SUPPLIES,1.875,4.249529415275902,0.8125
29,SEAFOOD,7.5625,11.091988065838814,0.5
30,AUTOMOTIVE,3.125,8.411535912007093,0.75
30,BABY CARE,0.5625,5.471573326142971,0.8125
30,BEAUTY,0.6875,6.0667256988585,0.75
30,BEVERAGES,1695.5625,1175.9612302734374,0.8125
30,BOOKS,0.0,4.940200025774539,0.6875
30,BREAD/BAKERY,174.875,89.71982122039795,1.0
30,CELEBRATION,5.4375,8.376610815525055,0.625
30,CLEANING,695.5625,726.1899122558593,0.125
30,DAIRY,275.125,127.9228583984375,0.75
30,DELI,120.75,80.90373571777343,0.9375
30,EGGS,142.0,89.71982122039795,0.6875
30,FROZEN FOODS,49.8181875,45.718360900878906,0.9375
30,GROCERY I,2242.125,1175.9612302734374,0.6875
30,GROCERY II,7.125,12.542400777339935,0.6875
30,HARDWARE,0.1875,5.427650687517598,0.875
30,HOME AND KITCHEN I,12.9375,22.696097254753113,0.9375
30,HOME AND KITCHEN II,8.625,14.196584820747375,0.875
30,HOME APPLIANCES,0.0625,5.196190487872809,0.625
30,HOME CARE,162.1875,83.84243088531494,0.5
30,LADIESWEAR,0.625,5.1806811969261615,0.75
30,LAWN AND GARDEN,0.0,4.899218562524766,0.8125
30,LINGERIE,2.8125,8.40329006612301,1.0
30,"LIQUOR,WINE,BEER",41.75,48.02495450782776,0.4375
30,MAGAZINES,0.875,5.713699406199157,0.875
30,MEATS,72.94200025,50.11653275299072,0.9375
30,PERSONAL CARE,90.375,76.50556386566161,0.625
30,PET SUPPLIES,2.125,6.628649345226586,1.0
30,PLAYERS AND ELECTRONICS,4.5625,10.318488415330648,0.9375
30,POULTRY,110.6841875,80.90373571777343,0.875
30,PREPARED FOODS,24.4375,28.985734939575195,0.9375
30,PRODUCE,643.4613125,323.35902550048826,0.9375
30,SCHOOL AND OFFICE SUPPLIES,0.125,3.9998541831970216,1.0
30,SEAFOOD,4.4375,6.181964112538845,0.4375
31,AUTOMOTIVE,9.125,14.07106128334999,0.9375
31,BABY CARE,0.3125,7.324142068671063,0.5625
31,BEAUTY,1.875,11.052923116832972,0.75
31,BEVERAGES,3681.5,1175.9612302734376,0.8125
31,BOOKS,0.0,6.675970190623775,0.5
31,BREAD/BAKERY,601.375,276.41859423828123,1.0
31,CELEBRATION,9.9375,15.551870107650757,0.875
31,CLEANING,1361.0625,894.8541565124511,0.5625
31,DAIRY,692.3125,332.6400089904785,0.9375
31,DELI,251.3493125,127.92285839843751,0.8125
31,EGGS,344.0625,146.48482537841798,0.875
31,FROZEN FOODS,87.47031275,67.70922016143798,0.75
31,GROCERY I,4955.5399375,1175.9612302734376,0.6875
31,GROCERY II,13.1875,27.200712502002716,0.875
31,HARDWARE,0.375,7.55953701986,0.625
31,HOME AND KITCHEN I,23.125,33.16889142990112,0.875
31,HOME AND KITCHEN II,20.5625,28.985734939575195,0.875
31,HOME APPLIANCES,0.0,6.935607482865453,0.5625
31,HOME CARE,290.125,137.20384188842775,0.75
31,LADIESWEAR,0.75,9.705199997872114,0.6875
31,LAWN AND GARDEN,6.9375,13.877451747655869,0.75
31,LINGERIE,9.5625,15.610459864139557,0.9375
31,"LIQUOR,WINE,BEER",20.3125,36.30625879764557,0.6875
31,MAGAZINES,1.625,8.360827026795596,0.875
31,MEATS,396.34893875,165.04679235839842,1.0
31,PERSONAL CARE,273.6875,137.20384188842775,0.6875
31,PET SUPPLIES,4.5,10.201087422668934,1.0
31,PLAYERS AND ELECTRONICS,7.1875,13.697028860449791,1.0
31,POULTRY,138.793811875,80.90373571777343,0.8125
31,PREPARED FOODS,71.1235625,50.11653275299072,0.8125
31,PRODUCE,1468.83544375,838.6327417602539,0.9375
31,SCHOOL AND OFFICE SUPPLIES,1.8125,5.294174195080996,0.875
31,SEAFOOD,6.6875,7.452804087102413,0.375
32,AUTOMOTIVE,1.75,5.905615366622806,0.875
32,BABY CARE,0.0,4.909948139917105,0.8125
32,BEAUTY,1.25,6.536884671449661,0.875
32,BEVERAGES,1219.9375,388.86142374267575,0.5
32,BOOKS,0.0,4.909948139917105,0.8125
32,BREAD/BAKERY,131.5,83.84243088531494,0.8125
32,CELEBRATION,4.6875,6.474853168427944,0.625
32,CLEANING,769.9375,492.0232697570801,0.3125
32,DAIRY,167.875,95.59721155548095,0.75
32,DELI,97.625,78.70464979171751,0.8125
32,EGGS,247.5625,108.2817882003784,0.5625
32,FROZEN FOODS,19.8134375,26.162206768989563,0.9375
32,GROCERY I,1947.5625,1063.518400769043,0.6875
32,GROCERY II,1.375,7.696397648844868,0.8125
32,HARDWARE,0.25,5.120001950720325,0.8125
32,HOME AND KITCHEN I,9.1875,19.148429691791534,0.875
32,HOME AND KITCHEN II,4.6875,8.283528386801482,0.875
32,HOME APPLIANCES,0.125,4.864615822443739,0.8125
32,HOME CARE,89.3125,76.50556386566161,1.0
32,LADIESWEAR,0.0,4.864615822443739,0.8125
32,LAWN AND GARDEN,0.0,4.864615822443739,0.8125
32,LINGERIE,0.4375,4.902510664146393,0.6875
32,"LIQUOR,WINE,BEER",36.5,38.39783704280853,0.25
32,MAGAZINES,0.3125,4.880288116494194,0.8125
32,MEATS,78.94193725,54.51470460510254,0.5625
32,PERSONAL CARE,84.3125,63.31104830932617,0.875
32,PET SUPPLIES,0.6875,5.9406454036943614,0.875
32,PLAYERS AND ELECTRONICS,1.375,7.334703509509564,0.875
32,POULTRY,60.3508125625,50.11653275299072,0.8125
32,PREPARED FOODS,11.625,17.19941059499979,0.8125
32,PRODUCE,236.422375,131.32645155334473,0.8125
32,SCHOOL AND OFFICE SUPPLIES,0.0,3.9998541831970216,1.0
32,SEAFOOD,2.0625,6.116067492961884,0.875
33,AUTOMOTIVE,7.5625,12.527079090476036,0.9375
33,BABY CARE,0.0,5.1984643006697295,0.6875
33,BEAUTY,2.4375,8.977263635862618,0.625
33,BEVERAGES,2354.9375,1175.9612302734374,0.625
33,BOOKS,0.0,5.1984643006697295,0.6875
33,BREAD/BAKERY,235.1875,124.984163230896,0.9375
33,CELEBRATION,8.4375,24.51824712753296,0.6875
33,CLEANING,1060.4375,445.08283849487304,0.5625
33,DAIRY,430.875,220.73269329833983,0.6875
33,DELI,190.0,101.47460189056396,0.875
33,EGGS,233.1875,87.52073529434203,0.5625
33,FROZEN FOODS,67.2505,50.11653275299072,0.875
33,GROCERY I,3162.125,1175.9612302734376,0.9375
33,GROCERY II,4.0625,11.3900011530146,0.8125
33,HARDWARE,0.625,5.492036280222237,0.75
33,HOME AND KITCHEN I,33.125,29.98359739780426,0.8125
33,HOME AND KITCHEN II,17.0,26.76199734210968,0.9375
33,HOME APPLIANCES,0.25,5.217014340963215,0.75
33,HOME CARE,233.125,119.106772895813,0.8125
33,LADIESWEAR,0.0,4.929630275908858,0.6875
33,LAWN AND GARDEN,0.0,4.929630275908858,0.6875
33,LINGERIE,13.0625,15.686767041683197,1.0
33,"LIQUOR,WINE,BEER",39.75,45.82586858177185,0.5625
33,MAGAZINES,1.625,6.083743850886822,0.8125
33,MEATS,260.42362625,137.20384188842775,0.6875
33,PERSONAL CARE,226.0,104.41329705810547,0.75
33,PET SUPPLIES,2.25,6.694086636602878,0.8125
33,PLAYERS AND ELECTRONICS,3.75,10.609086602926254,0.875
33,POULTRY,246.8862496875,107.35199222564698,0.625
33,PREPARED FOODS,30.8125,34.214680552482605,0.875
33,PRODUCE,1416.8645625,838.6327417602539,1.0
33,SCHOOL AND OFFICE SUPPLIES,0.0,3.9998541831970216,1.0
33,SEAFOOD,0.6875,5.352263176441193,0.875
34,AUTOMOTIVE,3.3125,11.059026464819908,0.9375
34,BABY CARE,0.5,7.520955920219421,0.5625
34,BEAUTY,2.0625,15.277434974908829,0.625
34,BEVERAGES,2590.75,1175.9612302734374,0.9375
34,BOOKS,0.0,7.5171540305018425,0.375
34,BREAD/BAKERY,726.5,276.41859423828123,0.6875
34,CELEBRATION,9.75,15.330506756901741,0.875
34,CLEANING,965.9375,276.41859423828123,0.5625
34,DAIRY,646.0625,276.41859423828123,0.75
34,DELI,232.6343125,122.0454680633545,0.875
34,EGGS,123.875,87.52073529434203,0.5625
34,FROZEN FOODS,73.2105,52.31561867904663,0.875
34,GROCERY I,4247.07275,1175.9612302734376,0.8125
34,GROCERY II,8.9375,14.709152966737747,0.6875
34,HARDWARE,3.75,11.07195270061493,0.75
34,HOME AND KITCHEN I,30.625,40.4894152879715,0.9375
34,HOME AND KITCHEN II,39.6875,38.39783704280853,0.6875
34,HOME APPLIANCES,0.0625,8.515213623642921,0.3125
34,HOME CARE,207.3125,119.106772895813,0.875
34,LADIESWEAR,1.75,11.885417968034744,0.6875
34,LAWN AND GARDEN,5.125,15.71138459444046,0.8125
34,LINGERIE,3.8125,10.634057074785233,1.0
34,"LIQUOR,WINE,BEER",29.3125,45.718360900878906,0.5625
34,MAGAZINES,2.3125,9.801197439432144,0.875
34,MEATS,181.871125625,92.65851638793944,0.875
34,PERSONAL CARE,273.125,127.92285839843751,0.9375
34,PET SUPPLIES,3.5,13.322996437549591,0.6875
34,PLAYERS AND ELECTRONICS,7.25,13.697028860449791,0.9375
34,POULTRY,154.935312875,86.78112605285644,0.875
34,PREPARED FOODS,29.623125,39.443626165390015,0.875
34,PRODUCE,714.0345625,388.86142374267575,0.8125
34,SCHOOL AND OFFICE SUPPLIES,4.8125,4.856951384246349,0.625
34,SEAFOOD,2.75,5.2668407812714575,0.75
35,AUTOMOTIVE,3.875,10.121999643743038,0.875
35,BABY CARE,0.0,4.917275651823729,0.8125
35,BEAUTY,0.6875,8.30728883575648,0.5625
35,BEVERAGES,1585.0,1063.518400769043,0.875
35,BOOKS,0.0,4.917275651823729,0.8125
35,BREAD/BAKERY,122.3125,74.30647793960571,0.75
35,CELEBRATION,2.4375,9.501698257774114,0.875
35,CLEANING,475.5625,239.2946602783203,0.8125
35,DAIRY,181.1875,104.41329705810547,0.75
35,DELI,99.6875,76.50556386566161,0.9375
35,EGGS,165.5,92.65851638793944,0.5
35,FROZEN FOODS,59.231562499999995,49.07074363040924,0.75
35,GROCERY I,2040.5,1175.9612302734374,1.0
35,GROCERY II,7.125,14.345277063548565,0.75
35,HARDWARE,0.6875,4.883453177521005,0.8125
35,HOME AND KITCHEN I,10.125,20.864803850650787,0.9375
35,HOME AND KITCHEN II,5.9375,14.90064387395978,0.75
35,HOME APPLIANCES,0.125,5.161925560841337,0.6875
35,HOME CARE,100.9375,80.90373571777343,0.75
35,LADIESWEAR,0.0,4.871943334350362,0.8125
35,LAWN AND GARDEN,0.0,4.871943334350362,0.8125
35,LINGERIE,0.25,5.405956794135273,0.875
35,"LIQUOR,WINE,BEER",55.8125,45.82586858177185,0.3125
35,MAGAZINES,0.875,5.459529588185251,0.9375
35,MEATS,201.477250625,101.47460189056396,0.625
35,PERSONAL CARE,86.375,72.1073920135498,0.6875
35,PET SUPPLIES,0.9375,6.212525838986039,0.875
35,PLAYERS AND ELECTRONICS,1.1875,6.2274161573499445,0.8125
35,POULTRY,57.3309373125,47.917446826934814,0.9375
35,PREPARED FOODS,19.8125,28.100321888923645,0.9375
35,PRODUCE,415.40806125,192.88974282836912,0.8125
35,SCHOOL AND OFFICE SUPPLIES,0.0625,3.9998541831970216,1.0
35,SEAFOOD,1.375,3.9998541831970216,0.875
36,AUTOMOTIVE,5.0,9.447243317961693,0.8125
36,BABY CARE,0.0,6.0417719386518005,0.4375
36,BEAUTY,1.125,10.23679869249463,0.625
36,BEVERAGES,4006.9375,1175.9612302734376,0.375
36,BOOKS,0.0,5.764300891757012,0.4375
36,BREAD/BAKERY,568.0,248.57564376831053,0.8125
36,CELEBRATION,10.3125,14.81912612915039,0.875
36,CLEANING,907.8125,276.41859423828123,0.5
36,DAIRY,616.5,276.41859423828123,0.8125
36,DELI,214.800375,122.0454680633545,0.875
36,EGGS,156.625,89.71982122039795,0.875
36,FROZEN FOODS,105.034625,61.851571624755856,0.5
36,GROCERY I,4146.9374375,1175.9612302734376,0.8125
36,GROCERY II,9.875,14.956474334001541,0.75
36,HARDWARE,0.375,6.0859754987061025,0.5
36,HOME AND KITCHEN I,37.4375,28.729751646518707,0.875
36,HOME AND KITCHEN II,11.3125,23.361945152282715,0.8125
36,HOME APPLIANCES,0.1875,5.524244129750878,0.5
36,HOME CARE,224.875,116.1680777282715,0.875
36,LADIESWEAR,0.0,5.508571850601584,0.4375
36,LAWN AND GARDEN,27.25,35.26046967506409,0.75
36,LINGERIE,4.0625,10.246158044785261,0.8125
36,"LIQUOR,WINE,BEER",71.125,50.11653275299072,0.5
36,MAGAZINES,1.3125,7.149824497569353,0.875
36,MEATS,261.624001875,113.22938256072999,0.625
36,PERSONAL CARE,234.1875,110.29068739318848,0.6875
36,PET SUPPLIES,3.75,7.950012229382992,0.8125
36,PLAYERS AND ELECTRONICS,3.75,11.022658172994852,1.0
36,POULTRY,136.8479996875,80.90373571777343,0.8125
36,PREPARED FOODS,47.6178125,44.672571778297424,0.875
36,PRODUCE,1522.72955625,726.1899122558594,0.75
36,SCHOOL AND OFFICE SUPPLIES,1.125,3.9998541831970216,0.9375
36,SEAFOOD,1.5625,7.063732290267945,0.875
37,AUTOMOTIVE,4.3125,11.063327386975288,1.0
37,BABY CARE,0.0,7.115805209986865,0.5625
37,BEAUTY,9.6875,27.095054149627686,1.0
37,BEVERAGES,2584.6875,1175.9612302734376,0.375
37,BOOKS,0.0,7.115805209986865,0.5625
37,BREAD/BAKERY,488.18206125,276.41859423828123,0.625
37,CELEBRATION,6.625,13.697028860449791,0.875
37,CLEANING,860.3125,501.3042532470703,0.375
37,DAIRY,818.75,276.41859423828123,0.625
37,DELI,150.44287525,83.84243088531494,0.6875
37,EGGS,119.375,80.90373571777343,0.8125
37,FROZEN FOODS,112.5905,80.90373571777343,0.75
37,GROCERY I,3404.3125,1175.9612302734376,0.625
37,GROCERY II,46.1875,45.718360900878906,0.875
37,HARDWARE,1.4375,7.9513440653681755,0.75
37,HOME AND KITCHEN I,28.375,40.4894152879715,0.875
37,HOME AND KITCHEN II,28.375,39.55113384628296,0.8125
37,HOME APPLIANCES,0.25,7.050871346052736,0.5
37,HOME CARE,220.5,127.92285839843751,0.5625
37,LADIESWEAR,23.25,32.10935026407242,0.9375
37,LAWN AND GARDEN,21.625,29.95121145248413,1.0
37,LINGERIE,1.5,9.206692390143871,0.6875
37,"LIQUOR,WINE,BEER",100.1875,80.90373571777343,0.6875
37,MAGAZINES,10.1875,14.81912612915039,0.875
37,MEATS,230.249624375,116.16807772827148,0.5625
37,PERSONAL CARE,264.875,127.92285839843751,0.8125
37,PET SUPPLIES,14.4375,14.44509370625019,0.6875
37,PLAYERS AND ELECTRONICS,14.6875,14.81912612915039,0.8125
37,POULTRY,243.698125,127.9228583984375,0.6875
37,PREPARED FOODS,68.7928751875,45.718360900878906,0.6875
37,PRODUCE,2393.286375,1175.9612302734376,0.625
37,SCHOOL AND OFFICE SUPPLIES,0.0,3.9998541831970216,1.0
37,SEAFOOD,10.876999875,10.229189267009497,0.5
38,AUTOMOTIVE,6.75,12.540390461683273,1.0
38,BABY CARE,0.0,7.189881953783333,0.4375
38,BEAUTY,8.3125,24.011825039982796,0.875
38,BEVERAGES,2639.1875,1175.9612302734376,0.1875
38,BOOKS,0.0,7.189881953783333,0.4375
38,BREAD/BAKERY,456.567625,248.57564376831053,0.875
38,CELEBRATION,11.625,22.427891671657562,1.0
38,CLEANING,908.375,557.5256679992675,0.3125
38,DAIRY,764.625,276.41859423828123,0.5625
38,DELI,140.5061875,95.59721155548095,0.625
38,EGGS,89.125,76.50556386566161,0.8125
38,FROZEN FOODS,111.7110625,80.90373571777343,0.9375
38,GROCERY I,3614.6875,1175.9612302734376,0.6875
38,GROCERY II,28.6875,32.12310230731964,0.8125
38,HARDWARE,1.1875,8.573435474187136,0.875
38,HOME AND KITCHEN I,45.4375,38.50534472370148,0.625
38,HOME AND KITCHEN II,65.0625,50.11653275299072,0.125
38,HOME APPLIANCES,0.0,6.915068152034655,0.375
38,HOME CARE,324.8125,165.04679235839845,0.75
38,LADIESWEAR,23.4375,33.16889142990112,1.0
38,LAWN AND GARDEN,17.4375,26.436026632785797,0.75
38,LINGERIE,10.125,14.44509370625019,0.875
38,"LIQUOR,WINE,BEER",117.5625,80.66850806045532,0.5
38,MAGAZINES,13.0,14.81912612915039,0.875
38,MEATS,175.96975,86.78112605285644,0.75
38,PERSONAL CARE,403.9375,174.32777584838865,0.6875
38,PET SUPPLIES,8.625,14.44509370625019,1.0
38,PLAYERS AND ELECTRONICS,10.9375,14.81912612915039,0.8125
38,POULTRY,135.66025,89.71982122039795,0.75
38,PREPARED FOODS,82.840625625,56.713790531158445,0.75
38,PRODUCE,2123.982625,1175.9612302734374,0.9375
38,SCHOOL AND OFFICE SUPPLIES,4.9375,3.9998541831970216,0.875
38,SEAFOOD,16.3541875625,25.158224999904633,0.875
39,AUTOMOTIVE,9.75,14.44509370625019,0.875
39,BABY CARE,0.1875,7.26111139440909,0.5
39,BEAUTY,3.375,14.727240148931742,0.5625
39,BEVERAGES,3494.875,1175.9612302734376,0.3125
39,BOOKS,0.0,7.191744119767099,0.4375
39,BREAD/BAKERY,672.5,276.41859423828123,0.4375
39,CELEBRATION,5.125,14.81912612915039,0.6875
39,CLEANING,2129.875,1063.518400769043,0.625
39,DAIRY,633.875,276.41859423828123,0.4375
39,DELI,192.49,124.984163230896,0.5
39,EGGS,536.125,352.2730035949707,0.5625
39,FROZEN FOODS,73.3935,63.31104830932617,0.8125
39,GROCERY I,5513.47225,1175.9612302734376,0.5625
39,GROCERY II,33.4375,38.39783704280853,0.875
39,HARDWARE,1.875,8.191979055665433,0.8125
39,HOME AND KITCHEN I,25.375,31.049644649028778,0.8125
39,HOME AND KITCHEN II,19.4375,28.985734939575195,0.875
39,HOME APPLIANCES,0.0625,7.62992212343961,0.5
39,HOME CARE,370.3125,183.6087593383789,0.75
39,LADIESWEAR,5.25,16.58995223045349,0.5
39,LAWN AND GARDEN,14.4375,25.893824875354767,0.9375
39,LINGERIE,9.5,25.39915555715561,0.625
39,"LIQUOR,WINE,BEER",52.625,61.11196238327026,0.5625
39,MAGAZINES,3.875,11.222368001937866,0.5625
39,MEATS,173.856374625,92.65851638793944,0.8125
39,PERSONAL CARE,321.75,165.04679235839842,0.875
39,PET SUPPLIES,7.6875,13.322996437549591,1.0
39,PLAYERS AND ELECTRONICS,10.0,14.81912612915039,0.875
39,POULTRY,234.4416875,122.04546806335449,0.875
39,PREPARED FOODS,53.111687625,45.718360900878906,1.0
39,PRODUCE,1733.48863125,1175.9612302734374,0.8125
39,SCHOOL AND OFFICE SUPPLIES,6.5625,27.2246190905571,0.6875
39,SEAFOOD,15.507562499999999,25.885850489139557,1.0
40,AUTOMOTIVE,3.1875,11.395386397838593,0.875
40,BABY CARE,0.125,7.461514580668881,0.4375
40,BEAUTY,3.125,15.785242795944214,0.5625
40,BEVERAGES,5328.0625,1175.9612302734376,0.4375
40,BOOKS,0.0,7.155888780625537,0.4375
40,BREAD/BAKERY,473.375,183.6087593383789,0.6875
40,CELEBRATION,9.4375,28.812710106372833,0.875
40,CLEANING,1934.6875,1119.7398155212402,0.6875
40,DAIRY,679.625,276.41859423828123,1.0
40,DELI,279.3125,137.20384188842772,0.625
40,EGGS,197.5625,92.65851638793944,0.75
40,FROZEN FOODS,67.8461875,52.31561867904663,0.5625
40,GROCERY I,6392.375,1175.9612302734376,0.5625
40,GROCERY II,11.6875,23.05390214920044,0.75
40,HARDWARE,2.625,8.156775346864015,0.8125
40,HOME AND KITCHEN I,30.3125,39.443626165390015,0.6875
40,HOME AND KITCHEN II,24.25,28.732092320919037,0.9375
40,HOME APPLIANCES,0.1875,7.350035477243364,0.75
40,HOME CARE,459.0,183.6087593383789,0.5625
40,LADIESWEAR,0.0,6.8495964711532,0.625
40,LAWN AND GARDEN,0.125,6.864602553285659,0.75
40,LINGERIE,10.5625,15.704539179801941,0.9375
40,"LIQUOR,WINE,BEER",40.4375,50.11653275299072,0.5
40,MAGAZINES,2.25,9.167536747921258,0.875
40,MEATS,145.64731187499999,80.90373571777343,1.0
40,PERSONAL CARE,333.5625,127.9228583984375,0.8125
40,PET SUPPLIES,3.75,9.889130685478449,0.9375
40,PLAYERS AND ELECTRONICS,11.6875,14.07106128334999,0.9375
40,POULTRY,182.201750625,92.65851638793944,0.625
40,PREPARED FOODS,58.0625,45.718360900878906,0.9375
40,PRODUCE,1293.0441875000001,613.7470827514649,0.875
40,SCHOOL AND OFFICE SUPPLIES,0.0,3.9998541831970216,1.0
40,SEAFOOD,6.3125,9.291948292404413,0.6875
41,AUTOMOTIVE,8.875,14.208409488201141,0.875
41,BABY CARE,0.0,5.809988895058632,0.4375
41,BEAUTY,9.3125,25.325414657592773,0.9375
41,BEVERAGES,2339.9375,1175.9612302734376,0.125
41,BOOKS,0.0,5.808088013529778,0.4375
41,BREAD/BAKERY,499.328,267.13761074829097,1.0
41,CELEBRATION,11.4375,20.49756532907486,0.75
41,CLEANING,990.25,782.4113270080566,0.375
41,DAIRY,731.25,332.6400089904785,0.8125
41,DELI,221.214875,134.26514672088624,0.625
41,EGGS,137.9375,86.78112605285644,0.9375
41,FROZEN FOODS,150.139125,89.71982122039795,0.6875
41,GROCERY I,3799.4375,1175.9612302734376,0.5
41,GROCERY II,39.6875,41.53520441055298,0.9375
41,HARDWARE,1.625,7.205169021524489,0.875
41,HOME AND KITCHEN I,27.9375,32.08356839418411,0.6875
41,HOME AND KITCHEN II,36.1875,31.07731318473816,0.8125
41,HOME APPLIANCES,0.0,5.636091866809875,0.1875
41,HOME CARE,252.375,137.20384188842775,0.6875
41,LADIESWEAR,18.875,31.07575523853302,0.875
41,LAWN AND GARDEN,16.3125,28.84777933359146,0.8125
41,LINGERIE,7.8125,14.81912612915039,0.875
41,"LIQUOR,WINE,BEER",115.875,75.04608718109131,0.4375
41,MAGAZINES,13.0625,14.81912612915039,0.8125
41,MEATS,239.4983125,101.47460189056396,0.8125
41,PERSONAL CARE,415.375,211.4517098083496,0.3125
41,PET SUPPLIES,14.25,16.33494198322296,0.9375
41,PLAYERS AND ELECTRONICS,9.0625,14.07106128334999,1.0
41,POULTRY,203.876124375,110.29068739318848,1.0
41,PREPARED FOODS,65.15800025,45.718360900878906,0.8125
41,PRODUCE,2165.7021875,1175.9612302734374,1.0
41,SCHOOL AND OFFICE SUPPLIES,0.5625,3.9998541831970216,1.0
41,SEAFOOD,7.00625,9.659110201336443,0.5625
42,AUTOMOTIVE,4.1875,9.353941086679697,1.0
42,BABY CARE,0.0,5.81301366686821,0.4375
42,BEAUTY,5.875,23.24450707435608,0.6875
42,BEVERAGES,2467.3125,1175.9612302734376,0.3125
42,BOOKS,0.0,5.81301366686821,0.4375
42,BREAD/BAKERY,453.137,276.41859423828123,0.75
42,CELEBRATION,8.1875,15.237012639641762,0.9375
42,CLEANING,710.75,276.41859423828123,0.5625
42,DAIRY,785.625,332.6400089904785,0.625
42,DELI,158.8026875,104.41329705810547,0.625
42,EGGS,129.0,86.78112605285644,0.8125
42,FROZEN FOODS,114.745875,80.90373571777343,0.8125
42,GROCERY I,2995.0625,1175.9612302734376,0.4375
42,GROCERY II,30.6875,37.35204792022705,0.9375
42,HARDWARE,1.1875,7.186742713861167,0.9375
42,HOME AND KITCHEN I,25.4375,31.07731318473816,0.8125
42,HOME AND KITCHEN II,23.0,26.727480590343475,0.75
42,HOME APPLIANCES,0.0,5.795876295864582,0.4375
42,HOME CARE,199.375,122.04546806335449,0.625
42,LADIESWEAR,13.5625,30.938746511936188,0.8125
42,LAWN AND GARDEN,35.6875,40.4894152879715,0.875
42,LINGERIE,3.5,16.950280357152224,0.4375
42,"LIQUOR,WINE,BEER",67.6875,63.31104830932617,0.5625
42,MAGAZINES,10.375,12.948964014649391,0.8125
42,MEATS,236.029999375,122.04546806335449,0.6875
42,PERSONAL CARE,235.375,124.984163230896,0.6875
42,PET SUPPLIES,9.75,13.697028860449791,0.75
42,PLAYERS AND ELECTRONICS,9.25,13.697028860449791,0.9375
42,POULTRY,222.512375,124.984163230896,0.6875
42,PREPARED FOODS,49.7915625,45.718360900878906,0.8125
42,PRODUCE,2333.306,1175.9612302734376,0.5625
42,SCHOOL AND OFFICE SUPPLIES,0.25,3.9998541831970216,1.0
42,SEAFOOD,14.78125,25.417474150657654,0.9375
43,AUTOMOTIVE,7.6875,11.40288345515728,0.75
43,BABY CARE,0.0625,7.220924723893404,0.375
43,BEAUTY,4.6875,15.430875722318888,0.75
43,BEVERAGES,5284.3125,1175.9612302734376,0.625
43,BOOKS,0.0,7.2171228267252445,0.375
43,BREAD/BAKERY,601.9375,276.41859423828123,0.875
43,CELEBRATION,17.0,28.59328681230545,1.0
43,CLEANING,1270.5625,669.9684975036621,0.8125
43,DAIRY,748.6875,276.41859423828123,0.75
43,DELI,306.5728125,127.9228583984375,0.8125
43,EGGS,261.0,104.87819504547119,0.5625
43,FROZEN FOODS,79.7005,52.31561867904663,0.625
43,GROCERY I,5084.8965,1175.9612302734376,0.6875
43,GROCERY II,12.1875,16.58995223045349,0.75
43,HARDWARE,0.125,7.202993705309927,0.4375
43,HOME AND KITCHEN I,17.375,26.264482378959656,0.9375
43,HOME AND KITCHEN II,23.375,25.81674027442932,0.6875
43,HOME APPLIANCES,0.0625,7.181815392710268,0.4375
43,HOME CARE,270.875,124.984163230896,0.875
43,LADIESWEAR,0.0,7.1703056016936895,0.4375
43,LAWN AND GARDEN,9.375,18.521154403686523,0.75
43,LINGERIE,1.75,8.002918559499085,0.75
43,"LIQUOR,WINE,BEER",85.375,59.65248569869995,0.5
43,MAGAZINES,3.5,9.659791570156813,0.4375
43,MEATS,231.453563125,116.1680777282715,0.9375
43,PERSONAL CARE,307.5,137.20384188842775,0.8125
43,PET SUPPLIES,3.875,10.005142200738192,0.9375
43,PLAYERS AND ELECTRONICS,2.3125,9.65543845295906,0.6875
43,POULTRY,264.311125,116.16807772827148,0.875
43,PREPARED FOODS,145.46075,80.90373571777343,0.5
43,PRODUCE,1465.331125,726.1899122558593,0.75
43,SCHOOL AND OFFICE SUPPLIES,2.3125,5.117585104703903,0.8125
43,SEAFOOD,0.8125,3.9998541831970216,1.0
44,AUTOMOTIVE,16.1875,26.274769008159637,0.9375
44,BABY CARE,0.0,7.419274737685919,0.4375
44,BEAUTY,16.1875,29.30648708343506,1.0
44,BEVERAGES,9207.0625,1175.961230273437,0.125
44,BOOKS,0.0,7.419274737685919,0.4375
44,BREAD/BAKERY,1594.234,1175.9612302734374,0.9375
44,CELEBRATION,25.0625,41.53520441055298,0.75
44,CLEANING,2351.4375,1175.9612302734376,0.375
44,DAIRY,2418.4375,1175.9612302734376,0.6875
44,DELI,536.13249875,267.13761074829097,0.75
44,EGGS,617.25,267.13761074829097,0.9375
44,FROZEN FOODS,431.4411875,220.73269329833983,0.6875
44,GROCERY I,9561.625,1175.9612302734367,0.3125
44,GROCERY II,94.0625,80.90373571777343,0.6875
44,HARDWARE,4.6875,10.08464879617095,0.875
44,HOME AND KITCHEN I,110.625,80.90373571777343,0.625
44,HOME AND KITCHEN II,119.625,80.90373571777343,0.6875
44,HOME APPLIANCES,0.1875,7.75446115732193,0.5
44,HOME CARE,632.8125,332.64000899047846,0.625
44,LADIESWEAR,29.5625,46.87165770435333,0.5625
44,LAWN AND GARDEN,29.0,32.12310230731964,0.875
44,LINGERIE,48.125,38.558213114738464,0.5
44,"LIQUOR,WINE,BEER",315.8125,165.04679235839845,0.625
44,MAGAZINES,28.875,33.16889142990112,1.0
44,MEATS,912.5449375000001,501.3042532470703,0.875
44,PERSONAL CARE,591.875,267.13761074829097,0.8125
44,PET SUPPLIES,39.8125,47.917446826934814,0.75
44,PLAYERS AND ELECTRONICS,38.4375,38.39783704280853,1.0
44,POULTRY,1186.4613125,669.9684975036621,0.875
44,PREPARED FOODS,302.336875,127.9228583984375,0.875
44,PRODUCE,9292.804437499999,1175.961230273437,0.4375
44,SCHOOL AND OFFICE SUPPLIES,393.75,75.45977474308013,0.0625
44,SEAFOOD,94.25431275,74.30647793960571,0.9375
45,AUTOMOTIVE,17.375,22.21396541595459,0.875
45,BABY CARE,0.0,7.420145455189049,0.3125
45,BEAUTY,16.125,27.214908838272095,0.9375
45,BEVERAGES,8816.5,1175.961230273437,0.25
45,BOOKS,0.0,7.420145455189049,0.3125
45,BREAD/BAKERY,1230.04875,838.6327417602539,0.9375
45,CELEBRATION,27.6875,32.12310230731964,0.9375
45,CLEANING,2582.125,1175.9612302734376,0.75
45,DAIRY,2210.5,1175.9612302734374,0.875
45,DELI,741.6520624999999,276.41859423828123,0.875
45,EGGS,393.5625,192.88974282836912,1.0
45,FROZEN FOODS,341.0336875,174.32777584838868,0.9375
45,GROCERY I,11014.0625,1175.9612302734367,0.625
45,GROCERY II,121.125,83.84243088531494,0.1875
45,HARDWARE,1.8125,9.441142279654741,0.875
45,HOME AND KITCHEN I,77.9375,54.51470460510254,0.875
45,HOME AND KITCHEN II,86.75,69.90830608749388,1.0
45,HOME APPLIANCES,0.9375,8.943129140883684,0.625
45,HOME CARE,675.375,332.6400089904785,0.75
45,LADIESWEAR,20.875,41.53520441055298,0.3125
45,LAWN AND GARDEN,38.125,39.443626165390015,0.9375
45,LINGERIE,4.9375,15.72075729072094,0.6875
45,"LIQUOR,WINE,BEER",236.3125,110.7555853805542,0.6875
45,MAGAZINES,21.8125,26.740012526512146,0.8125
45,MEATS,1204.035833125,613.7470827514649,1.0
45,PERSONAL CARE,795.0,332.6400089904785,0.6875
45,PET SUPPLIES,25.4375,33.16889142990112,0.875
45,PLAYERS AND ELECTRONICS,31.0,33.16889142990112,0.9375
45,POULTRY,1340.31324375,838.6327417602539,1.0
45,PREPARED FOODS,254.837625625,122.04546806335449,1.0
45,PRODUCE,6506.1518937499995,1175.9612302734376,0.6875
45,SCHOOL AND OFFICE SUPPLIES,526.375,86.78112605285644,0.0
45,SEAFOOD,94.4593749375,58.91287645721435,0.8125
46,AUTOMOTIVE,13.1875,17.37122505903244,0.9375
46,BABY CARE,0.0,7.0696988850831985,0.75
46,BEAUTY,23.9375,29.843696415424347,0.9375
46,BEVERAGES,5822.75,1175.9612302734374,0.1875
46,BOOKS,0.125,7.147998531907797,0.5625
46,BREAD/BAKERY,916.25,445.08283849487304,0.6875
46,CELEBRATION,14.375,24.192069590091705,1.0
46,CLEANING,2239.4375,1175.9612302734376,0.5
46,DAIRY,1516.9375,1175.9612302734374,0.8125
46,DELI,843.7538125,332.64000899047846,0.8125
46,EGGS,152.375,92.65851638793944,0.8125
46,FROZEN FOODS,272.50237500000003,116.16807772827148,0.6875
46,GROCERY I,9466.875,1175.961230273437,0.25
46,GROCERY II,49.0,45.718360900878906,0.875
46,HARDWARE,3.625,8.998102128505707,0.875
46,HOME AND KITCHEN I,52.5625,40.4894152879715,0.625
46,HOME AND KITCHEN II,26.9375,34.214680552482605,0.9375
46,HOME APPLIANCES,0.625,7.91754547804594,0.625
46,HOME CARE,626.9375,276.41859423828123,0.75
46,LADIESWEAR,29.0625,42.58099353313446,0.6875
46,LAWN AND GARDEN,25.6875,36.30625879764557,0.9375
46,LINGERIE,10.0625,31.985314920544624,0.6875
46,"LIQUOR,WINE,BEER",131.625,84.58204012680054,0.8125
46,MAGAZINES,12.25,13.322996437549591,0.6875
46,MEATS,1110.052629375,501.3042532470703,0.625
46,PERSONAL CARE,804.375,332.64000899047846,0.875
46,PET SUPPLIES,24.9375,32.12310230731964,0.9375
46,PLAYERS AND ELECTRONICS,45.375,40.4894152879715,1.0
46,POULTRY,828.403,388.86142374267575,0.9375
46,PREPARED FOODS,142.697750625,86.78112605285644,0.875
46,PRODUCE,2937.6315,1175.9612302734376,0.9375
46,SCHOOL AND OFFICE SUPPLIES,350.75,73.58661049652099,0.0625
46,SEAFOOD,52.4958751875,45.718360900878906,0.9375
47,AUTOMOTIVE,17.8125,19.946353435516357,0.875
47,BABY CARE,0.0,6.573070722073316,0.625
47,BEAUTY,24.9375,29.136852264404297,1.0
47,BEVERAGES,8581.9375,1175.9612302734372,0.1875
47,BOOKS,0.0,6.582679601758718,0.625
47,BREAD/BAKERY,1206.3518125,669.9684975036621,0.9375
47,CELEBRATION,21.75,32.12310230731964,0.875
47,CLEANING,2269.5625,1175.9612302734376,0.6875
47,DAIRY,2054.625,1175.9612302734374,0.75
47,DELI,668.994375,276.41859423828123,0.8125
47,EGGS,355.0625,174.32777584838865,0.9375
47,FROZEN FOODS,257.0095625,137.20384188842775,0.8125
47,GROCERY I,10275.6875,1175.961230273437,0.25
47,GROCERY II,52.9375,47.917446826934814,0.8125
47,HARDWARE,2.0625,8.19150261580944,0.75
47,HOME AND KITCHEN I,77.0,52.31561867904663,0.75
47,HOME AND KITCHEN II,78.6875,65.51013423538208,0.9375
47,HOME APPLIANCES,1.1875,8.147346830181778,0.8125
47,HOME CARE,621.375,276.41859423828123,0.625
47,LADIESWEAR,26.875,42.58099353313446,0.625
47,LAWN AND GARDEN,31.0625,39.443626165390015,0.8125
47,LINGERIE,9.9375,19.33691928908229,0.6875
47,"LIQUOR,WINE,BEER",217.875,98.53590672302246,0.625
47,MAGAZINES,16.25,18.322937190532684,0.875
47,MEATS,956.1104375,388.86142374267575,0.8125
47,PERSONAL CARE,764.0,332.64000899047846,0.875
47,PET SUPPLIES,24.375,31.033932983875275,1.0
47,PLAYERS AND ELECTRONICS,32.125,33.16889142990112,1.0
47,POULTRY,1171.6256875,782.4113270080566,0.875
47,PREPARED FOODS,231.59418875,116.16807772827148,0.875
47,PRODUCE,5716.769375,1175.9612302734376,0.8125
47,SCHOOL AND OFFICE SUPPLIES,523.4375,72.1073920135498,0.0
47,SEAFOOD,73.30525,54.51470460510254,0.9375
48,AUTOMOTIVE,13.6875,18.2919260263443,1.0
48,BABY CARE,0.0,6.902311894576997,0.5625
48,BEAUTY,26.4375,30.803733229637146,0.875
48,BEVERAGES,4840.125,1175.9612302734376,0.75
48,BOOKS,0.0,6.902311894576997,0.5625
48,BREAD/BAKERY,873.75,332.64000899047846,0.9375
48,CELEBRATION,16.9375,30.031524062156677,0.875
48,CLEANING,2170.375,1175.9612302734374,0.6875
48,DAIRY,1307.3125,838.6327417602539,0.8125
48,DELI,679.612,276.41859423828123,0.8125
48,EGGS,123.5625,89.71982122039795,0.875
48,FROZEN FOODS,208.900125,101.47460189056396,0.8125
48,GROCERY I,8621.25,1175.9612302734372,0.4375
48,GROCERY II,44.5625,45.718360900878906,0.9375
48,HARDWARE,0.3125,7.749353918991983,0.4375
48,HOME AND KITCHEN I,33.375,39.443626165390015,0.9375
48,HOME AND KITCHEN II,53.5625,49.07074363040924,0.625
48,HOME APPLIANCES,0.25,8.32930802528863,0.5
48,HOME CARE,605.25,276.41859423828123,0.625
48,LADIESWEAR,23.5,42.58099353313446,0.375
48,LAWN AND GARDEN,13.5625,23.75864952802658,0.9375
48,LINGERIE,3.625,8.460957121104002,0.5625
48,"LIQUOR,WINE,BEER",131.125,82.38295420074462,0.8125
48,MAGAZINES,7.25,12.574931591749191,1.0
48,MEATS,946.989375,445.08283849487304,0.75
48,PERSONAL CARE,874.625,332.64000899047846,0.625
48,PET SUPPLIES,19.9375,31.23142582178116,0.9375
48,PLAYERS AND ELECTRONICS,26.9375,33.16889142990112,1.0
48,POULTRY,913.776191875,388.86142374267575,0.6875
48,PREPARED FOODS,96.68343775,58.91287645721435,0.8125
48,PRODUCE,2136.5105625,1175.9612302734374,1.0
48,SCHOOL AND OFFICE SUPPLIES,394.375,68.8625169649124,0.125
48,SEAFOOD,25.6508124375,35.118281960487366,1.0
49,AUTOMOTIVE,13.0,15.579394519329071,0.8125
49,BABY CARE,0.0,7.7176752127707005,0.125
49,BEAUTY,13.5625,27.11266040802002,0.9375
49,BEVERAGES,6573.25,1175.9612302734376,0.3125
49,BOOKS,0.0,7.7176752127707005,0.125
49,BREAD/BAKERY,1183.84936875,894.8541565124511,0.9375
49,CELEBRATION,27.3125,32.04085332155228,0.8125
49,CLEANING,1883.3125,1175.9612302734374,0.75
49,DAIRY,2121.8125,1175.9612302734374,0.625
49,DELI,450.27831249999997,239.2946602783203,0.8125
49,EGGS,469.125,257.85662725830076,1.0
49,FROZEN FOODS,327.8256875,192.88974282836912,0.75
49,GROCERY I,7742.0625,1175.9612302734372,0.4375
49,GROCERY II,77.5625,47.917446826934814,0.8125
49,HARDWARE,1.75,10.124740019440651,0.8125
49,HOME AND KITCHEN I,55.8125,52.31561867904663,0.625
49,HOME AND KITCHEN II,65.75,45.718360900878906,0.875
49,HOME APPLIANCES,0.625,9.842060144990683,0.625
49,HOME CARE,488.5625,267.13761074829097,0.8125
49,LADIESWEAR,14.9375,35.26046967506409,0.4375
49,LAWN AND GARDEN,31.9375,38.39783704280853,0.75
49,LINGERIE,10.5,30.35227620601654,0.75
49,"LIQUOR,WINE,BEER",249.0,150.35331652069092,0.8125
49,MAGAZINES,20.875,25.72109752893448,0.8125
49,MEATS,846.5366875,388.86142374267575,0.75
49,PERSONAL CARE,568.125,267.13761074829097,0.875
49,PET SUPPLIES,18.6875,28.667491137981415,1.0
49,PLAYERS AND ELECTRONICS,31.9375,31.07731318473816,0.875
49,POULTRY,1032.330631875,557.5256679992675,0.8125
49,PREPARED FOODS,218.1239375,124.984163230896,0.75
49,PRODUCE,7471.121875,1175.9612302734374,0.375
49,SCHOOL AND OFFICE SUPPLIES,298.8125,75.04608718109131,0.125
49,SEAFOOD,81.5458133125,52.31561867904663,0.875
50,AUTOMOTIVE,13.125,15.746579974889755,0.6875
50,BABY CARE,0.0,6.841805365058827,0.625
50,BEAUTY,15.1875,28.260697960853577,0.9375
50,BEVERAGES,4364.5625,1175.9612302734376,0.5
50,BOOKS,0.0,6.855576732876943,0.5625
50,BREAD/BAKERY,608.6398125000001,276.41859423828123,0.8125
50,CELEBRATION,35.125,35.26046967506409,0.8125
50,CLEANING,1668.5625,1175.9612302734374,0.75
50,DAIRY,1105.1875,669.9684975036621,0.6875
50,DELI,476.706875,248.57564376831053,0.8125
50,EGGS,112.6875,78.70464979171751,0.9375
50,FROZEN FOODS,158.27625025,95.59721155548095,0.6875
50,GROCERY I,6786.375,1175.9612302734376,0.625
50,GROCERY II,73.3125,76.50556386566161,0.4375
50,HARDWARE,1.5625,7.250204850698355,0.75
50,HOME AND KITCHEN I,64.75,45.718360900878906,0.625
50,HOME AND KITCHEN II,35.8125,45.718360900878906,0.625
50,HOME APPLIANCES,0.125,7.380433189123869,0.25
50,HOME CARE,393.625,248.57564376831053,0.375
50,LADIESWEAR,14.5,43.734290336608886,0.375
50,LAWN AND GARDEN,10.5,16.21591980755329,0.9375
50,LINGERIE,4.5625,9.985411390662193,0.75
50,"LIQUOR,WINE,BEER",134.125,92.65851638793944,0.875
50,MAGAZINES,10.9375,16.27156835794449,0.8125
50,MEATS,588.8861875,267.13761074829097,0.8125
50,PERSONAL CARE,557.5625,267.13761074829097,0.875
50,PET SUPPLIES,14.25,19.10734885931015,1.0
50,PLAYERS AND ELECTRONICS,25.5625,31.07731318473816,1.0
50,POULTRY,422.3015,202.17072631835936,0.875
50,PREPARED FOODS,88.6275630625,54.51470460510254,0.6875
50,PRODUCE,2210.9850625,1175.9612302734374,0.8125
50,SCHOOL AND OFFICE SUPPLIES,390.125,66.57681255578994,0.0625
50,SEAFOOD,19.2792500625,25.534821808338165,0.9375
51,AUTOMOTIVE,8.3125,13.697028860449791,1.0
51,BABY CARE,0.0,6.317723061610013,0.5
51,BEAUTY,6.6875,22.84731438755989,0.8125
51,BEVERAGES,4503.5625,1175.9612302734376,0.5625
51,BOOKS,0.0,6.341103324014694,0.4375
51,BREAD/BAKERY,881.2055625,332.64000899047846,0.875
51,CELEBRATION,10.875,14.44509370625019,0.8125
51,CLEANING,1391.5625,1063.518400769043,0.9375
51,DAIRY,1597.3125,1119.7398155212402,1.0
51,DELI,261.409,127.9228583984375,0.9375
51,EGGS,354.3125,155.7658088684082,0.9375
51,FROZEN FOODS,266.685375,124.984163230896,0.75
51,GROCERY I,5128.5,1175.9612302734376,0.5
51,GROCERY II,48.4375,44.672571778297424,0.75
51,HARDWARE,2.25,7.30621755104512,1.0
51,HOME AND KITCHEN I,35.6875,40.4894152879715,0.5625
51,HOME AND KITCHEN II,43.9375,45.718360900878906,0.6875
51,HOME APPLIANCES,0.3125,7.865043841302395,0.375
51,HOME CARE,312.75,155.7658088684082,0.5625
51,LADIESWEAR,3.125,10.00511471554637,0.6875
51,LAWN AND GARDEN,50.5,46.87165770435333,0.8125
51,LINGERIE,5.375,14.07106128334999,0.9375
51,"LIQUOR,WINE,BEER",160.25,92.65851638793944,0.8125
51,MAGAZINES,11.4375,15.704539179801941,0.9375
51,MEATS,677.470439375,332.6400089904785,1.0
51,PERSONAL CARE,308.1875,137.20384188842775,0.6875
51,PET SUPPLIES,22.0,27.55556720495224,0.8125
51,PLAYERS AND ELECTRONICS,10.5625,17.19208413362503,0.875
51,POULTRY,883.999,388.8614237426758,0.6875
51,PREPARED FOODS,125.170875,80.90373571777343,0.875
51,PRODUCE,5623.1649375,1175.9612302734376,0.875
51,SCHOOL AND OFFICE SUPPLIES,3.875,4.553073586523533,0.5
51,SEAFOOD,50.3884375,45.718360900878906,0.9375
52,AUTOMOTIVE,12.5,17.194253504276276,0.8125
52,BABY CARE,0.0,7.651981722563505,0.25
52,BEAUTY,10.0625,25.20956826210022,0.8125
52,BEVERAGES,4480.75,1175.9612302734376,0.6875
52,BOOKS,0.0,7.651981722563505,0.25
52,BREAD/BAKERY,895.6143125,276.41859423828123,0.8125
52,CELEBRATION,12.875,15.554176390171051,0.9375
52,CLEANING,1573.625,1175.9612302734374,0.9375
52,DAIRY,1212.5,557.5256679992676,0.875
52,DELI,370.5649375,192.88974282836912,1.0
52,EGGS,228.625,110.29068739318848,0.9375
52,FROZEN FOODS,359.626875,165.04679235839845,0.6875
52,GROCERY I,6274.75,1175.9612302734376,0.75
52,GROCERY II,53.4375,45.718360900878906,0.8125
52,HARDWARE,3.5625,10.687155991792679,0.875
52,HOME AND KITCHEN I,60.5625,45.718360900878906,0.6875
52,HOME AND KITCHEN II,52.8125,45.718360900878906,0.875
52,HOME APPLIANCES,0.25,8.273362677544355,0.3125
52,HOME CARE,363.1875,165.04679235839842,0.8125
52,LADIESWEAR,9.4375,14.81912612915039,0.9375
52,LAWN AND GARDEN,54.0,52.31561867904663,0.8125
52,LINGERIE,11.5,14.81912612915039,0.8125
52,"LIQUOR,WINE,BEER",267.125,98.53590672302246,0.6875
52,MAGAZINES,11.125,14.81912612915039,0.9375
52,MEATS,513.93524875,239.2946602783203,0.9375
52,PERSONAL CARE,377.5,165.04679235839842,0.75
52,PET SUPPLIES,16.625,22.2218199968338,0.875
52,PLAYERS AND ELECTRONICS,27.9375,28.88911682367325,0.8125
52,POULTRY,508.042996875,239.2946602783203,1.0
52,PREPARED FOODS,138.433,80.90373571777343,0.625
52,PRODUCE,4927.0425625,1175.9612302734376,0.9375
52,SCHOOL AND OFFICE SUPPLIES,6.0,5.239612789172679,0.5
52,SEAFOOD,9.01218751875,10.90909619629383,0.4375
53,AUTOMOTIVE,9.0,14.07106128334999,0.6875
53,BABY CARE,0.0,5.451822830177844,0.75
53,BEAUTY,2.875,15.747534669935703,0.5625
53,BEVERAGES,2243.5,1175.9612302734376,0.75
53,BOOKS,0.0,5.442519498802722,0.75
53,BREAD/BAKERY,482.8716875,267.13761074829097,1.0
53,CELEBRATION,9.375,12.948964014649391,0.875
53,CLEANING,960.6875,501.3042532470703,0.625
53,DAIRY,524.4375,276.41859423828123,0.8125
53,DELI,219.730688125,122.04546806335449,0.5
53,EGGS,97.0625,74.30647793960571,0.9375
53,FROZEN FOODS,129.9325625,86.78112605285644,0.6875
53,GROCERY I,3168.6875,1175.9612302734376,0.75
53,GROCERY II,18.125,21.517144322395325,0.9375
53,HARDWARE,1.5625,6.006684340536594,0.875
53,HOME AND KITCHEN I,33.625,33.16889142990112,0.8125
53,HOME AND KITCHEN II,24.1875,33.16889142990112,0.8125
53,HOME APPLIANCES,0.0625,5.631086136773229,0.9375
53,HOME CARE,204.1875,119.106772895813,0.5625
53,LADIESWEAR,6.9375,10.681799542158842,0.625
53,LAWN AND GARDEN,13.0,17.635741353034973,0.8125
53,LINGERIE,7.875,10.908761978149414,0.75
53,"LIQUOR,WINE,BEER",99.25,67.70922016143798,0.5
53,MAGAZINES,4.375,7.3234339527785774,0.75
53,MEATS,300.368875,146.48482537841798,0.9375
53,PERSONAL CARE,240.0625,122.04546806335449,0.875
53,PET SUPPLIES,4.75,10.587632205337286,0.9375
53,PLAYERS AND ELECTRONICS,6.3125,11.813165292143822,0.875
53,POULTRY,192.265436875,101.47460189056396,0.8125
53,PREPARED FOODS,67.3478125,47.917446826934814,0.8125
53,PRODUCE,2096.55055,1175.9612302734374,1.0
53,SCHOOL AND OFFICE SUPPLIES,0.3125,3.9998541831970216,1.0
53,SEAFOOD,4.25,7.123089277744294,0.5625
54,AUTOMOTIVE,7.0,11.13691209629178,0.875
54,BABY CARE,0.0,5.486262901592999,0.625
54,BEAUTY,1.0625,6.958244341611862,0.6875
54,BEVERAGES,3908.6875,1175.9612302734376,0.375
54,BOOKS,0.0,5.486262901592999,0.625
54,BREAD/BAKERY,253.8125,134.26514672088624,0.875
54,CELEBRATION,5.4375,10.700485823489725,0.8125
54,CLEANING,1190.9375,613.7470827514649,0.5625
54,DAIRY,271.375,124.984163230896,0.875
54,DELI,236.5723125,122.04546806335449,0.8125
54,EGGS,69.125,54.51470460510254,0.6875
54,FROZEN FOODS,33.11,42.58099353313446,0.6875
54,GROCERY I,3647.9375,1175.9612302734376,0.625
54,GROCERY II,13.875,15.442904368042946,0.75
54,HARDWARE,1.125,5.775219635106623,0.875
54,HOME AND KITCHEN I,21.4375,32.12114226818085,0.75
54,HOME AND KITCHEN II,10.3125,17.38968312740326,0.8125
54,HOME APPLIANCES,0.0625,5.677711597364396,0.8125
54,HOME CARE,231.5625,119.106772895813,0.8125
54,LADIESWEAR,0.0,5.4393578238785265,0.75
54,LAWN AND GARDEN,0.0,5.4393578238785265,0.75
54,LINGERIE,5.3125,8.07898645363748,0.9375
54,"LIQUOR,WINE,BEER",32.8125,45.718360900878906,0.4375
54,MAGAZINES,1.0625,6.287547972425818,0.8125
54,MEATS,55.040625125,45.718360900878906,0.9375
54,PERSONAL CARE,188.4375,95.59721155548095,0.875
54,PET SUPPLIES,0.0625,6.2355235777795315,0.75
54,PLAYERS AND ELECTRONICS,2.375,7.605921085702721,0.8125
54,POULTRY,68.057812,50.11653275299072,0.9375
54,PREPARED FOODS,90.0,56.713790531158445,0.75
54,PRODUCE,686.5616875,276.41859423828123,0.875
54,SCHOOL AND OFFICE SUPPLIES,0.0,3.9998541831970216,1.0
54,SEAFOOD,2.625,5.355375341931358,0.6875
