store_nbr,family,Current,High,Low,Medium,No promotion,delta_No promotion_vs_current,delta_Low_vs_current,delta_Medium_vs_current,delta_High_vs_current,promotion_sensitivity_abs
45,GROCERY I,180312.97,171199.94,163056.45,165742.83,163141.17,-17171.79999999999,-17256.51999999999,-14570.140000000014,-9113.03,9113.03
52,BABY CARE,28.14756,8608.122,4107.2666,7506.106,28.14756,0.0,4079.11904,7477.958439999999,8579.97444,8579.97444
42,BABY CARE,16.038687,8126.978,3355.1091,7048.7554,16.038687,0.0,3339.070413,7032.716713,8110.939313,8110.939313
46,GROCERY I,166786.52,158704.8,151364.84,153929.58,151333.42,-15453.099999999977,-15421.679999999991,-12856.940000000002,-8081.720000000001,8081.720000000001
44,BABY CARE,27.934618,8089.6333,3724.6775,6987.6177,27.934618,0.0,3696.742882,6959.683082,8061.698682,8061.698682
45,BABY CARE,27.342953,8086.8574,3719.7783,6984.8413,27.342953,0.0,3692.435347,6957.498347,8059.514447,8059.514447
49,BABY CARE,32.423973,8083.1006,3716.0215,6981.0845,32.423973,0.0,3683.597527,6948.660527,8050.676627,8050.676627
50,BABY CARE,21.049574,8071.1274,3704.6172,6969.1113,21.049574,0.0,3683.567626,6948.061726,8050.077826000001,8050.077826000001
48,BABY CARE,22.906128,8072.928,3705.8484,6970.912,22.906128,0.0,3682.942272,6948.005872000001,8050.021872,8050.021872
46,BABY CARE,21.050894,8070.414,3703.3345,6968.398,21.050894,0.0,3682.283606,6947.347106,8049.363106,8049.363106
