priority_rank,case_id,store_nbr,family,risk,priority_score,reason_codes,p10,p50,p90,relative_uncertainty_r,action,chosen_option,recommended_qty,target_stock,confidence,promotion_stance,promo_extrapolation,policies,assistant_mode,approval_status
1,DEC-S10-BEVERAGES,10,BEVERAGES,HIGH,5,RISK_HIGH|LARGE_SERIES,16082.913991992187,22172.714721679688,33099.20840429688,0.7674083763541666,BỔ SUNG THEO P90 · RÀ SOÁT KHOẢNG DỰ BÁO,C,15361.036626953126,33099.20840429688,THẤP,KHÔNG ĐỀ XUẤT TĂNG,False,POL-INV-004|POL-INV-002|POL-INV-003|POL-INV-001|POL-PROMO-002|POL-HITL-001|POL-PROMO-001,RULE_BASED,PENDING_HUMAN_REVIEW
2,DEC-S54-GROCERY_I,54,GROCERY I,MEDIUM,4,RISK_MEDIUM|LARGE_SERIES,46293.95112617187,52973.68627929688,65109.33081054688,0.3551768024670356,BỔ SUNG THEO P90 · RÀ SOÁT KHOẢNG DỰ BÁO,C,22730.381787109374,65109.33081054688,TRUNG BÌNH,KHÔNG ĐỀ XUẤT TĂNG,False,POL-INV-004|POL-INV-002|POL-INV-003|POL-INV-001|POL-PROMO-002|POL-HITL-001|POL-PROMO-001,RULE_BASED,PENDING_HUMAN_REVIEW
3,DEC-S31-BEVERAGES,31,BEVERAGES,MEDIUM,4,RISK_MEDIUM|LARGE_SERIES,45716.82588203125,52396.56103515625,64532.20556640625,0.3590888452184022,BỔ SUNG THEO P90 · RÀ SOÁT KHOẢNG DỰ BÁO,C,22614.95673828125,64532.20556640625,TRUNG BÌNH,KHÔNG ĐỀ XUẤT TĂNG,False,POL-INV-004|POL-INV-002|POL-INV-003|POL-INV-001|POL-PROMO-002|POL-HITL-001|POL-PROMO-001,RULE_BASED,PENDING_HUMAN_REVIEW
4,DEC-S02-BEVERAGES,2,BEVERAGES,MEDIUM,4,RISK_MEDIUM|LARGE_SERIES,45168.17182929687,51847.90698242188,63983.55151367188,0.3628886466353844,BỔ SUNG THEO P90 · RÀ SOÁT KHOẢNG DỰ BÁO,C,22505.22592773437,63983.55151367188,TRUNG BÌNH,KHÔNG ĐỀ XUẤT TĂNG,False,POL-INV-004|POL-INV-002|POL-INV-003|POL-INV-001|POL-PROMO-002|POL-HITL-001|POL-PROMO-001,RULE_BASED,PENDING_HUMAN_REVIEW
5,DEC-S29-BEVERAGES,29,BEVERAGES,MEDIUM,4,RISK_MEDIUM|LARGE_SERIES,44699.620315625,51379.35546875,63515.0,0.3661979274514496,BỔ SUNG THEO P90 · RÀ SOÁT KHOẢNG DỰ BÁO,C,22411.515625,63515.0,TRUNG BÌNH,KHÔNG ĐỀ XUẤT TĂNG,False,POL-INV-004|POL-INV-002|POL-INV-003|POL-INV-001|POL-PROMO-002|POL-HITL-001|POL-PROMO-001,RULE_BASED,PENDING_HUMAN_REVIEW
6,DEC-S33-GROCERY_I,33,GROCERY I,MEDIUM,4,RISK_MEDIUM|LARGE_SERIES,44555.38008125,51235.115234375,63370.759765625,0.3672288501637125,BỔ SUNG THEO P90 · RÀ SOÁT KHOẢNG DỰ BÁO,C,22382.667578124998,63370.759765625,TRUNG BÌNH,KHÔNG ĐỀ XUẤT TĂNG,False,POL-INV-004|POL-INV-002|POL-INV-003|POL-INV-001|POL-PROMO-002|POL-HITL-001|POL-PROMO-001,RULE_BASED,PENDING_HUMAN_REVIEW
7,DEC-S05-GROCERY_I,5,GROCERY I,MEDIUM,4,RISK_MEDIUM|LARGE_SERIES,43658.01020820312,50337.745361328125,62473.389892578125,0.3737753007016657,BỔ SUNG THEO P90 · RÀ SOÁT KHOẢNG DỰ BÁO,C,22203.193603515625,62473.389892578125,TRUNG BÌNH,KHÔNG ĐỀ XUẤT TĂNG,False,POL-INV-004|POL-INV-002|POL-INV-003|POL-INV-001|POL-PROMO-002|POL-HITL-001|POL-PROMO-001,RULE_BASED,PENDING_HUMAN_REVIEW
8,DEC-S18-GROCERY_I,18,GROCERY I,MEDIUM,4,RISK_MEDIUM|LARGE_SERIES,42572.440628125,49252.17578125,61387.8203125,0.3820135328519822,BỔ SUNG THEO P90 · RÀ SOÁT KHOẢNG DỰ BÁO,C,21986.079687499998,61387.8203125,TRUNG BÌNH,KHÔNG ĐỀ XUẤT TĂNG,False,POL-INV-004|POL-INV-002|POL-INV-003|POL-INV-001|POL-PROMO-002|POL-HITL-001|POL-PROMO-001,RULE_BASED,PENDING_HUMAN_REVIEW
9,DEC-S37-BEVERAGES,37,BEVERAGES,MEDIUM,4,RISK_MEDIUM|LARGE_SERIES,42154.80244453125,48834.53759765625,60970.18212890625,0.3852804865053437,BỔ SUNG THEO P90 · RÀ SOÁT KHOẢNG DỰ BÁO,C,21902.552050781247,60970.18212890625,TRUNG BÌNH,KHÔNG ĐỀ XUẤT TĂNG,False,POL-INV-004|POL-INV-002|POL-INV-003|POL-INV-001|POL-PROMO-002|POL-HITL-001|POL-PROMO-001,RULE_BASED,PENDING_HUMAN_REVIEW
10,DEC-S41-BEVERAGES,41,BEVERAGES,MEDIUM,4,RISK_MEDIUM|LARGE_SERIES,42080.64448554687,48760.37963867188,60896.02416992188,0.3858664341288003,BỔ SUNG THEO P90 · RÀ SOÁT KHOẢNG DỰ BÁO,C,21887.720458984382,60896.02416992188,TRUNG BÌNH,KHÔNG ĐỀ XUẤT TĂNG,False,POL-INV-004|POL-INV-002|POL-INV-003|POL-INV-001|POL-PROMO-002|POL-HITL-001|POL-PROMO-001,RULE_BASED,PENDING_HUMAN_REVIEW
11,DEC-S21-BEVERAGES,21,BEVERAGES,MEDIUM,4,RISK_MEDIUM|LARGE_SERIES,41961.24604804687,48640.98120117188,60776.62573242188,0.3868135963985305,BỔ SUNG THEO P90 · RÀ SOÁT KHOẢNG DỰ BÁO,C,21863.840771484374,60776.62573242188,TRUNG BÌNH,KHÔNG ĐỀ XUẤT TĂNG,False,POL-INV-004|POL-INV-002|POL-INV-003|POL-INV-001|POL-PROMO-002|POL-HITL-001|POL-PROMO-001,RULE_BASED,PENDING_HUMAN_REVIEW
12,DEC-S36-BEVERAGES,36,BEVERAGES,MEDIUM,4,RISK_MEDIUM|LARGE_SERIES,41574.38838203125,48254.12353515625,60389.76806640625,0.3899146516673419,BỔ SUNG THEO P90 · RÀ SOÁT KHOẢNG DỰ BÁO,C,21786.46923828125,60389.76806640625,TRUNG BÌNH,KHÔNG ĐỀ XUẤT TĂNG,False,POL-INV-004|POL-INV-002|POL-INV-003|POL-INV-001|POL-PROMO-002|POL-HITL-001|POL-PROMO-001,RULE_BASED,PENDING_HUMAN_REVIEW
13,DEC-S12-GROCERY_I,12,GROCERY I,MEDIUM,4,RISK_MEDIUM|LARGE_SERIES,41501.3087921875,48181.0439453125,60316.6884765625,0.3905060504641688,BỔ SUNG THEO P90 · RÀ SOÁT KHOẢNG DỰ BÁO,C,21771.853320312497,60316.6884765625,TRUNG BÌNH,KHÔNG ĐỀ XUẤT TĂNG,False,POL-INV-004|POL-INV-002|POL-INV-003|POL-INV-001|POL-PROMO-002|POL-HITL-001|POL-PROMO-001,RULE_BASED,PENDING_HUMAN_REVIEW
14,DEC-S14-GROCERY_I,14,GROCERY I,MEDIUM,4,RISK_MEDIUM|LARGE_SERIES,41494.1808625,48173.916015625,60309.560546875,0.390563829489032,BỔ SUNG THEO P90 · RÀ SOÁT KHOẢNG DỰ BÁO,C,21770.427734375,60309.560546875,TRUNG BÌNH,KHÔNG ĐỀ XUẤT TĂNG,False,POL-INV-004|POL-INV-002|POL-INV-003|POL-INV-001|POL-PROMO-002|POL-HITL-001|POL-PROMO-001,RULE_BASED,PENDING_HUMAN_REVIEW
15,DEC-S46-PRODUCE,46,PRODUCE,MEDIUM,4,RISK_MEDIUM|LARGE_SERIES,41267.784256054685,47947.51940917969,60083.16394042969,0.3924079391025538,BỔ SUNG THEO P90 · RÀ SOÁT KHOẢNG DỰ BÁO,C,21725.14841308594,60083.16394042969,TRUNG BÌNH,KHÔNG ĐỀ XUẤT TĂNG,False,POL-INV-004|POL-INV-002|POL-INV-003|POL-INV-001|POL-PROMO-002|POL-HITL-001|POL-PROMO-001,RULE_BASED,PENDING_HUMAN_REVIEW
16,DEC-S38-BEVERAGES,38,BEVERAGES,MEDIUM,4,RISK_MEDIUM|LARGE_SERIES,40664.40766914062,47344.142822265625,59479.787353515625,0.3974088694801961,BỔ SUNG THEO P90 · RÀ SOÁT KHOẢNG DỰ BÁO,C,21604.473095703128,59479.787353515625,TRUNG BÌNH,KHÔNG ĐỀ XUẤT TĂNG,False,POL-INV-004|POL-INV-002|POL-INV-003|POL-INV-001|POL-PROMO-002|POL-HITL-001|POL-PROMO-001,RULE_BASED,PENDING_HUMAN_REVIEW
17,DEC-S42-BEVERAGES,42,BEVERAGES,MEDIUM,4,RISK_MEDIUM|LARGE_SERIES,40137.74458320312,46817.479736328125,58953.124267578125,0.401879338892234,BỔ SUNG THEO P90 · RÀ SOÁT KHOẢNG DỰ BÁO,C,21499.140478515623,58953.124267578125,TRUNG BÌNH,KHÔNG ĐỀ XUẤT TĂNG,False,POL-INV-004|POL-INV-002|POL-INV-003|POL-INV-001|POL-PROMO-002|POL-HITL-001|POL-PROMO-001,RULE_BASED,PENDING_HUMAN_REVIEW
18,DEC-S15-GROCERY_I,15,GROCERY I,MEDIUM,4,RISK_MEDIUM|LARGE_SERIES,39303.80537421875,45983.54052734375,58119.18505859375,0.4091675043091238,BỔ SUNG THEO P90 · RÀ SOÁT KHOẢNG DỰ BÁO,C,21332.35263671875,58119.18505859375,TRUNG BÌNH,KHÔNG ĐỀ XUẤT TĂNG,False,POL-INV-004|POL-INV-002|POL-INV-003|POL-INV-001|POL-PROMO-002|POL-HITL-001|POL-PROMO-001,RULE_BASED,PENDING_HUMAN_REVIEW
19,DEC-S13-GROCERY_I,13,GROCERY I,MEDIUM,4,RISK_MEDIUM|LARGE_SERIES,39238.8068390625,45918.5419921875,58054.1865234375,0.409746675774252,BỔ SUNG THEO P90 · RÀ SOÁT KHOẢNG DỰ BÁO,C,21319.3529296875,58054.1865234375,TRUNG BÌNH,KHÔNG ĐỀ XUẤT TĂNG,False,POL-INV-004|POL-INV-002|POL-INV-003|POL-INV-001|POL-PROMO-002|POL-HITL-001|POL-PROMO-001,RULE_BASED,PENDING_HUMAN_REVIEW
20,DEC-S27-PRODUCE,27,PRODUCE,MEDIUM,4,RISK_MEDIUM|LARGE_SERIES,38964.58992011719,45644.32507324219,57779.96960449219,0.412208252524962,BỔ SUNG THEO P90 · RÀ SOÁT KHOẢNG DỰ BÁO,C,21264.50954589844,57779.96960449219,TRUNG BÌNH,KHÔNG ĐỀ XUẤT TĂNG,False,POL-INV-004|POL-INV-002|POL-INV-003|POL-INV-001|POL-PROMO-002|POL-HITL-001|POL-PROMO-001,RULE_BASED,PENDING_HUMAN_REVIEW
