store_nbr,n,actual_sum,pred_sum,MAE,RMSE,WAPE,bias,coverage_P10_P90,mean_interval_width
1,528.0,155135.629205,171221.65625,45.77688805866882,124.17819905616685,0.1558004245629345,-30.465957222775625,0.7386363636363636,151.06365105896404
2,528.0,213634.601094,245019.375,71.22293838028533,230.08188869207223,0.1760281867834875,-59.44090460553583,0.7310606060606061,182.71147674502265
3,528.0,538086.824756,579502.75,99.2883558099922,286.32980225546885,0.0974271241289879,-78.43936058703252,0.7727272727272727,289.75729323044726
4,528.0,187479.341041,205239.765625,55.08217444655995,141.51975669325566,0.1551284954720596,-33.63716610645713,0.7840909090909091,171.65369963147563
5,528.0,156442.8788897,165344.75,36.40493335306495,89.44389268043761,0.1228678796173937,-16.85958868315674,0.7935606060606061,161.90255132346294
6,528.0,257699.853928,277876.34375,54.28633268456483,134.3378028152865,0.1112270077788187,-38.21306705211988,0.7973484848484849,210.12889256595997
7,528.0,286238.01803700003,315184.90625,66.38862018613892,157.67294194113927,0.1224616900950947,-54.82367273051574,0.7537878787878788,215.0966644092639
8,528.0,324826.412986,351030.46875,62.22309307982987,155.92050793975918,0.10114261597183,-49.62895487674179,0.7708333333333334,231.9373536766508
9,528.0,303853.3809465,303049.3125,58.906720742941935,159.46557033106816,0.102361041550331,1.522882732093102,0.7651515151515151,211.63712874553008
10,528.0,114855.501021,104297.09375,33.98772538583594,115.91014548801796,0.1562443143270959,19.996984643539573,0.7935606060606061,110.50413639519664
11,528.0,340283.811002,335312.78125,63.84459205074472,172.1004560915756,0.0990642032118154,9.414865185984205,0.75,213.7694079288054
12,528.0,123828.406029,126839.1640625,38.798209974503344,140.98278494226923,0.1654342127422685,-5.702183269015342,0.7424242424242424,122.25612669815618
13,528.0,114921.912025,111254.3828125,33.95979393680355,134.13602806169283,0.1560256950365695,6.946082634663544,0.8011363636363636,112.70829518501554
14,528.0,136648.14101199998,131167.65625,50.29946721571996,196.4930451919252,0.1943540431155057,10.37969281075354,0.7556818181818182,133.5694750240342
15,528.0,125263.497994,131328.28125,34.224266681575514,80.6849661051517,0.1442592063710154,-11.48632861163386,0.7537878787878788,126.0056843202366
16,528.0,104594.092001,105887.6484375,34.2765132010176,99.49981392118382,0.1730307957543537,-2.44992211495542,0.7897727272727273,115.08951367799828
17,528.0,220880.25902,231241.609375,46.76569332427872,119.09950959272,0.1117903708768435,-19.62379430651543,0.7878787878787878,174.04306187704765
18,528.0,162414.1110065,182313.8125,48.865561514383465,115.71426340021868,0.1588594508180494,-37.68882949249221,0.7556818181818182,162.8782554125874
19,528.0,150509.45497,152660.1875,37.05532578768921,96.353962006881,0.1299932420843565,-4.073342939244052,0.7821969696969697,126.79633642430292
20,528.0,288872.733076,255773.46875,95.8899842980536,351.29676360153763,0.1752671883228654,62.68801800277552,0.7215909090909091,182.5105477076476
21,528.0,235963.327067,217074.6875,66.83403773197382,211.25962839871903,0.1495502388490316,35.773968235845594,0.7878787878787878,179.4887895550514
22,528.0,121737.91598,113878.515625,48.19798677953916,135.7896512109699,0.209043639483506,14.88521831291436,0.7367424242424242,120.50343804048052
23,528.0,120386.4850015,133570.15625,40.38173225831228,98.72429091414745,0.1771092048424127,-24.96906715311298,0.7178030303030303,146.7966287786917
24,528.0,268779.943814,283646.1875,46.98299768143554,118.31900569561851,0.0922949176333064,-28.155719966222183,0.8011363636363636,215.5744896495402
25,528.0,154921.537115,121653.359375,70.16128019735496,281.0422154007454,0.2391220525826835,63.0079120954241,0.7159090909090909,142.418294074828
26,528.0,74602.877001,84712.265625,40.42947440639128,116.18537657021444,0.2861385960529132,-19.146562848498736,0.7140151515151515,91.30980680970828
27,528.0,236019.9930215,246024.34375,47.37586623165589,112.09690603238786,0.1059844848314843,-18.947617609229034,0.7916666666666666,181.2119816504298
28,528.0,260467.96499,252840.40625,82.83011310982141,357.25104964262465,0.167906635749485,14.446142313131872,0.7367424242424242,190.05857242971115
29,528.0,213341.061994,208211.265625,43.86524935917339,122.0338042621744,0.1085625591490437,9.715539355477684,0.7916666666666666,160.04218128046313
30,528.0,105535.491004,112265.59375,58.31512270596065,225.7896008884207,0.2917538403036369,-12.746416601758874,0.7765151515151515,131.77231404620778
31,528.0,236023.381114,229160.8125,60.34173492979846,190.7870281940331,0.134988473991671,12.99731607566092,0.7897727272727273,178.36640462828473
32,528.0,83639.456997,77792.0390625,45.50297731413215,172.752646900097,0.2872516499326776,11.074662212614632,0.7708333333333334,87.4277713392952
33,528.0,164523.799015,164620.34375,48.1849739002954,169.00570251188316,0.1546382126578309,-0.182843440156741,0.7821969696969697,150.36764992376553
34,528.0,181220.107016,177666.0625,43.74827746366472,121.2896151462276,0.1274642802124347,6.7311428157722695,0.7575757575757576,139.35203861066032
35,528.0,91229.164987,89580.90625,28.258121415253918,77.71533471999614,0.163547349242756,3.121699008925416,0.7973484848484849,108.60359590701827
36,528.0,213441.468925,188454.109375,69.51094392664811,232.7167371623455,0.1719524260122406,47.3245621086395,0.7215909090909091,147.9300595928032
37,528.0,196512.910975,226851.25,71.27584494210397,195.6069828329489,0.1915072447032164,-57.45896426139901,0.7215909090909091,175.47459315733582
38,528.0,197783.477011,216237.78125,89.31187839183747,305.78875188619173,0.2384257396196309,-34.95129279038572,0.7196969696969697,177.98644586195323
39,528.0,261722.187096,275940.21875,101.73704922481345,345.1424284082145,0.205244968287682,-26.928107886969737,0.6988636363636364,202.6683236592017
40,528.0,287750.831,254980.875,102.20038387600952,429.70611848854486,0.1875296154628059,62.06431657060316,0.7424242424242424,171.56754231411247
41,528.0,200789.765994,224124.546875,81.08792150504594,238.11720225763247,0.2132301033507027,-44.19467444913544,0.7253787878787878,188.63144207171447
42,528.0,181667.70799,215272.640625,81.09180154509505,255.9265698149136,0.2356856465551203,-63.64571499114396,0.7121212121212122,170.12992302971838
43,528.0,264231.62201,259605.515625,61.45785097414619,192.57837754475247,0.1228079556394691,8.761570078983919,0.7064393939393939,165.03540546961062
44,528.0,656651.352984,727177.875,178.1078387774827,505.6588966782796,0.1432128913572833,-133.57299023877238,0.6837121212121212,322.245577147726
45,528.0,631268.519539,663275.0,135.3281096696793,393.2178434864923,0.1131899337508087,-60.61835925337227,0.7386363636363636,314.2742202488633
46,528.0,456761.591083,496358.1875,118.20172909661252,339.139080372836,0.1366369549922826,-74.99355972748307,0.7462121212121212,275.03087529933043
47,528.0,581797.17102,615662.0625,137.7062401941769,368.99587402488055,0.1249729260371838,-64.13800371576774,0.7537878787878788,294.53677890926446
48,528.0,403740.96007300005,408444.0,95.90718108729313,253.70210511830464,0.1254244592991868,-8.907299152833499,0.7481060606060606,255.3342191823436
49,528.0,518238.797023,568032.9375,123.47163516327328,316.0620209466768,0.125797265161749,-94.307075243553,0.696969696969697,296.77653960958054
50,528.0,326493.240014,345823.625,84.48648938447957,191.9829185560638,0.1366302910072265,-36.61054875260673,0.7064393939393939,233.6165415225584
51,528.0,364628.89803,380308.4375,68.64827916570906,197.7204342074681,0.0994059757614496,-29.696129603392198,0.7708333333333334,243.38967920008884
52,528.0,365488.3539303,357418.0,60.96150469279527,172.61086500340303,0.0880675789848399,15.28472566635286,0.7632575757575758,223.86512604459415
53,528.0,178777.0818,190869.46875,44.50674688094385,106.94548412077177,0.1314461681359552,-22.902234923092387,0.7840909090909091,172.5407161838564
54,528.0,176572.478994,164001.375,70.08214842065631,297.21125162864627,0.2095647893540856,23.808895491624934,0.7651515151515151,130.24443625910013
