family,n,actual_sum,pred_sum,MAE,RMSE,WAPE,bias,coverage_P10_P90,mean_interval_width
AUTOMOTIVE,864.0,6381.0,4295.6923828125,3.577076824407817,4.786715112823058,0.4843432653640291,2.4135503307312587,0.8738425925925926,12.442059903100342
BABY CARE,864.0,160.0,1092.0091552734375,1.2039667854265577,2.817231947399657,6.501420641262778,-1.0787142823440563,0.5879629629629629,6.495732885453294
BEAUTY,864.0,5757.0,8810.150390625,4.886584686825733,6.47783497946218,0.7333696663916449,-3.533738946193976,0.7465277777777778,17.78732608640933
BEVERAGES,864.0,3005407.0,3116298.75,552.6876268740053,826.752894101813,0.1588876679994225,-128.34704575715242,0.6053240740740741,1138.480287105306
BOOKS,864.0,9.0,963.1503295898438,1.1098784911036663,1.5074589888925694,106.54833513411327,-1.1043405871325245,0.53125,6.263595673942472
BREAD/BAKERY,864.0,466795.50089,489567.0,71.78966750160782,111.73711386174948,0.1328767578160644,-26.35590696640297,0.7962962962962963,271.1936833191341
CELEBRATION,864.0,10768.0,10401.58984375,6.335111921989462,9.69298546781045,0.5083150724924208,0.4240864628356778,0.8217592592592593,19.672711782359208
CLEANING,864.0,1065243.0,1112819.25,271.1557605884693,479.5204859765928,0.2199297035028038,-55.065084033542206,0.6087962962962963,655.9478530441849
DAIRY,864.0,721034.0,796533.875,111.73488344969572,160.80287965813486,0.133889579826384,-87.38414669036865,0.7766203703703703,440.6430015037253
DELI,864.0,261902.894004,285981.0625,44.539505555526176,61.69117551237121,0.1469328277044038,-27.86823573914026,0.7835648148148148,152.83140340491403
EGGS,864.0,172529.0,176470.65625,37.86690056986279,63.62736362415152,0.1896319001000484,-4.56211738453971,0.7557870370370371,108.82988664384418
FROZEN FOODS,864.0,110014.157977,114243.671875,25.366470255683197,40.068301297635166,0.199216452717768,-4.89527450789925,0.8101851851851852,79.84703426557117
GROCERY I,864.0,3980412.484,4042554.25,486.6240277800384,744.0166530750985,0.1056280377202115,-71.92345810953775,0.6736111111111112,1170.7555437223084
GROCERY II,864.0,25031.0,27771.28125,12.146919067552382,19.396078894716386,0.4192776187273716,-3.171621737993081,0.7395833333333334,32.80670458723046
HARDWARE,864.0,1252.0,1365.21142578125,1.3272174768294294,1.8524916957924864,0.9159072683544018,-0.1310317855580554,0.7824074074074074,7.320727508002244
HOME AND KITCHEN I,864.0,27020.0,29185.47265625,12.959241744544771,19.612572493150093,0.4143887811726968,-2.506334691135972,0.7777777777777778,35.08631380677223
HOME AND KITCHEN II,864.0,26789.0,26700.830078125,12.787065701524693,25.51715862281136,0.4124090024307336,0.1020482189746366,0.8217592592592593,33.32296547364361
HOME APPLIANCES,864.0,173.0,1098.760986328125,1.1738930527315932,1.601745845331516,5.862679754648751,-1.071482676944234,0.59375,6.69764936811655
HOME CARE,864.0,251893.0,278387.28125,58.37735169905204,86.1526504828139,0.2002359409272221,-30.66467278975028,0.7337962962962963,152.24219777853224
LADIESWEAR,864.0,8711.0,11589.96484375,6.2884168849128335,10.41326361556286,0.6237162425168251,-3.3321349845241963,0.6944444444444444,18.37006899059443
LAWN AND GARDEN,864.0,12908.0,13886.0078125,5.923263799287034,9.375345964255336,0.396475048232383,-1.131953859468922,0.8182870370370371,21.035414251598564
LINGERIE,864.0,6716.0,6990.796875,5.325064397442879,8.369677273862266,0.6850589099746817,-0.3180515181480182,0.7928240740740741,15.28392430736028
"LIQUOR,WINE,BEER",864.0,84091.0,88447.671875,34.51062375527841,71.37590832079633,0.3545822849598671,-5.0424460349259554,0.6192129629629629,66.40121988232048
MAGAZINES,864.0,6146.0,4114.75048828125,3.529628025728959,5.677495351208334,0.4961924201479538,2.3509829190238465,0.8159722222222222,11.692032201782396
MEATS,864.0,321070.526643,324763.8125,51.528089793987135,81.62205962752739,0.1386619632997552,-4.274646519278632,0.7916666666666666,179.77637276910852
PERSONAL CARE,864.0,277631.0,276442.0625,51.03509770499336,89.99944702447854,0.1588234902338503,1.376109140890616,0.7696759259259259,150.57028125955088
PET SUPPLIES,864.0,7283.0,6276.0,3.3634987403719503,5.374820134608755,0.3990200345573206,1.165509598475721,0.8900462962962963,14.30438777955986
PLAYERS AND ELECTRONICS,864.0,10084.0,7785.64208984375,4.133351641964745,5.64775146095133,0.3541467491726681,2.660136806656805,0.8993055555555556,16.159695975466295
POULTRY,864.0,323560.26891,342338.75,53.3998766847862,121.8328591767774,0.1425931978950373,-21.73433626517967,0.8240740740740741,199.15502253307764
PREPARED FOODS,864.0,75871.654042,73012.421875,16.597273691263048,23.520850110679703,0.1890039784991759,3.309296008193042,0.8368055555555556,58.95361052036395
PRODUCE,864.0,1977480.37616,2058193.875,200.50975139079907,320.8172671100907,0.0876066469686338,-93.41846211712874,0.8287037037037037,842.0926883358143
SCHOOL AND OFFICE SUPPLIES,864.0,51795.0,19421.6171875,48.50819133518747,130.86514958643664,0.8091722620639282,37.469191313962696,0.7256944444444444,19.923894105978317
SEAFOOD,864.0,17260.919022,15276.732421875,6.277935331474858,8.941302651736615,0.3142437618460871,2.2965134396418,0.7534722222222222,20.75423637946726
