fold,config,train_rows,train_seconds,MAE,RMSE,WAPE,sMAPE,RMSLE
1,XGBoost · cấu hình chính thức,2575452,55.01864576339722,56.56250599529066,219.22407500946463,0.1239343702650285,0.516624333703595,0.6008841363969513
1,LightGBM · cấu hình chính thức,2575452,41.01934456825256,58.70339958783493,221.78235232014637,0.1286252921845506,0.5815164794321076,0.693249307127741
2,XGBoost · cấu hình chính thức,2603964,81.61482048034668,55.0133964344957,212.89767668956452,0.1134759834050892,0.5154265822495967,0.5768077441324094
2,LightGBM · cấu hình chính thức,2603964,44.3266327381134,58.132314072054506,215.82386328807607,0.1199093663448769,0.5951027568786306,0.6443885155033593
3,XGBoost · cấu hình chính thức,2632476,59.39169645309448,60.3511631794298,220.27020530795215,0.1252714674123939,0.4959733403365424,0.573841321238622
3,LightGBM · cấu hình chính thức,2632476,43.70247387886048,61.90335163278323,222.52631855589317,0.1284933593363996,0.6220350148756129,0.6989048981324963
1,XGBoost · mẫu 600.000 dòng,600000,16.219741582870483,57.75621688003269,222.45858962828808,0.12654991574300528,0.522526766261069,0.62474852585815
1,LightGBM · không đặt subsample_freq,2575452,40.69807815551758,59.32550995407966,224.28016072842166,0.12998840110483623,0.5837764080795487,0.7098931132576348
2,XGBoost · mẫu 600.000 dòng,600000,14.891125917434692,54.75777069957587,206.2093861258876,0.11294870489596798,0.4921219654911537,0.5563417600905971
2,LightGBM · không đặt subsample_freq,2603964,39.11819505691528,58.060729102268645,216.21371500097908,0.11976170822212956,0.5778583361547965,0.6504820819746086
3,XGBoost · mẫu 600.000 dòng,600000,14.712601661682129,61.78707269559944,223.74420127848032,0.1282519980713838,0.5182701805292074,0.5965479606154444
3,LightGBM · không đặt subsample_freq,2632476,40.90089654922485,61.70580569953375,221.38019041532638,0.12808331141626367,0.577035742877083,0.7236305167781446
