date,actual,predicted,p10,p50,p90,MAE
2017-07-31,885856.8408705,872601.25,748774.176971288,872134.3165022928,1073070.3745414715,61.56603029070181
2017-08-01,988527.763204,936898.4,806149.8449232524,936467.9638518455,1149078.8423451069,70.3056448177035
2017-08-02,964712.016051,927366.75,802783.6637917191,926276.050969432,1127406.026099149,63.591987719847225
2017-08-03,728068.485132,766947.6,648700.9841107411,765925.1422524895,955339.6507471489,59.28888885483694
2017-08-04,827775.686128,849502.56,720943.9528760534,848777.132090107,1057483.0459089126,64.455193331093
2017-08-05,965693.650492,1.0230964e+06,887387.8451135865,1022418.3373502429,1242207.233531317,64.7252295913267
2017-08-06,1049559.164277,1.1228762e+06,979879.3194843018,1122293.7874742039,1356821.3153040034,72.669259441155
2017-08-07,797464.963817,814237.1,693593.1328665635,813293.8453218961,1006638.1804858518,48.572263345151676
2017-08-08,717766.3491055,728400.7,612545.681596317,727427.4508930972,914317.5362503988,49.51645005918716
2017-08-09,734139.67401,752724.5,640773.3069863983,751372.1770962537,929377.1915922236,46.890819863859
2017-08-10,651386.9119697,641971.56,534841.1170938046,640764.0647560513,810507.8131913426,51.0976487610146
2017-08-11,826373.722022,845579.2,719895.4745973311,844904.2791681797,1046493.7801091282,90.78352811148865
2017-08-12,792630.5350785,921576.0,790676.6661618305,920598.7528460387,1131094.9529223652,109.04539809979111
2017-08-13,865639.677471,988750.44,855738.9697473381,987622.0613686166,1202368.023502959,94.67962296105989
2017-08-14,760922.4060808,812346.0,694525.5313333793,811231.095535924,999627.1514022455,64.07569480026194
2017-08-15,762661.935939,768205.44,650939.1807673144,767207.8043216862,955750.2819491639,59.56262514151199
